Entity,Year,Corruption Perception Index (Transparency International (2016)),Corruption Perception Rating (Transparency International - GCB (2013)),Incidence of perceived corruption in political parties (Transparency International - GCB (2013)),Corruption in Parliament/Legislature (Transparency International - GCB (2013)),Corruption in Military (Transparency International - GCB (2013)),Corruption in NGOs (Transparency International - GCB (2013)),Corruption in Media (Transparency International - GCB (2013)),Corruption in Religious Bodies (Transparency International - GCB (2013)),Corruption in Business/Private Sector (Transparency International - GCB (2013)),Corruption in Education system (Transparency International - GCB (2013)),Corruption in Judiciary (Transparency International - GCB (2013)),Corruption in medical and health services (Transparency International - GCB (2013)),Corruption in Police (Transparency International - GCB (2013)),Corruption in Public officials/Civil servants (Transparency International - GCB (2013)),Diplomatic parking violations (Fisman and Miguel (2007)),Share of people who have bribed (Transparency International - GCB (2013)),Bribe payers index (Transparency International - GCB (2013)),Firm bribery incidence (World Bank â€“ Enterprise Survey),Global corruption perception by institutions (Transparency International - GCB (2013))
Afghanistan,2012,8,,,,,,,,,,,,,,,,,,
Afghanistan,2013,8,4.1,36,,,,,,,,,,,,,46,,,
Afghanistan,2014,12,,,,,,,,,,,,,,,,,46.8,
Afghanistan,2015,11,,,,,,,,,,,,,,,,,,
Albania,2002,,,,,,,,,,,,,,,85.5,,,,
Albania,2012,33,,,,,,,,,,,,,,,,,,
Albania,2013,31,4.2,72,,,,,,,,,,,,,,,19.5,
Albania,2014,33,,,,,,,,,,,,,,,,,,
Albania,2015,36,,,,,,,,,,,,,,,,,,
Algeria,2002,,,,,,,,,,,,,,,25.6,,,,
Algeria,2007,,,,,,,,,,,,,,,,,,18.8,
Algeria,2012,34,,,,,,,,,,,,,,,,,,
Algeria,2013,36,4.6,67,,,,,,,,,,,,,41,,,
Algeria,2014,36,,,,,,,,,,,,,,,,,,
Algeria,2015,36,,,,,,,,,,,,,,,,,,
Angola,2002,,,,,,,,,,,,,,,82.7,,,,
Angola,2010,,,,,,,,,,,,,,,,,,51.3,
Angola,2012,22,,,,,,,,,,,,,,,,,,
Angola,2013,23,,,,,,,,,,,,,,,,,,
Angola,2014,19,,,,,,,,,,,,,,,,,,
Angola,2015,15,,,,,,,,,,,,,,,,,,
Antigua and Barbuda,2010,,,,,,,,,,,,,,,,,,6.9,
Argentina,2002,,,,,,,,,,,,,,,4,,,,
Argentina,2010,,,,,,,,,,,,,,,,,,10.3,
Argentina,2012,35,,,,,,,,,,,,,,,,,,
Argentina,2013,34,4.5,78,,,,,,,,,,,,,13,,,
Argentina,2014,34,,,,,,,,,,,,,,,,,,
Argentina,2015,32,,,,,,,,,,,,,,,,,,
Armenia,2002,,,,,,,,,,,,,,,10.2,,,,
Armenia,2012,34,,,,,,,,,,,,,,,,,,
Armenia,2013,36,4.4,57,,,,,,,,,,,,,18,,7.1,
Armenia,2014,37,,,,,,,,,,,,,,,,,,
Armenia,2015,35,,,,,,,,,,,,,,,,,,
Australia,2002,,,,,,,,,,,,,,,0,,,,
Australia,2008,,,,,,,,,,,,,,,,,8.5,,
Australia,2011,,,,,,,,,,,,,,,,,8.5,,
Australia,2012,85,,,,,,,,,,,,,,,,,,
Australia,2013,81,3.6,58,,,,,,,,,,,,,1,,,
Australia,2014,80,,,,,,,,,,,,,,,,,,
Australia,2015,79,,,,,,,,,,,,,,,,,,
Austria,2002,,,,,,,,,,,,,,,2.2,,,,
Austria,2012,69,,,,,,,,,,,,,,,,,,
Austria,2013,69,,,,,,,,,,,,,,,,,,
Austria,2014,72,,,,,,,,,,,,,,,,,,
Austria,2015,76,,,,,,,,,,,,,,,,,,
Azerbaijan,2002,,,,,,,,,,,,,,,0,,,,
Azerbaijan,2012,27,,,,,,,,,,,,,,,,,,
Azerbaijan,2013,28,3.6,28,,,,,,,,,,,,,,,15.9,
Azerbaijan,2014,29,,,,,,,,,,,,,,,,,,
Azerbaijan,2015,29,,,,,,,,,,,,,,,,,,
Bahamas,2010,,,,,,,,,,,,,,,,,,21,
Bahamas,2012,71,,,,,,,,,,,,,,,,,,
Bahamas,2013,71,,,,,,,,,,,,,,,,,,
Bahamas,2014,71,,,,,,,,,,,,,,,,,,
Bahrain,2002,,,,,,,,,,,,,,,38.2,,,,
Bahrain,2012,51,,,,,,,,,,,,,,,,,,
Bahrain,2013,48,,,,,,,,,,,,,,,,,,
Bahrain,2014,49,,,,,,,,,,,,,,,,,,
Bahrain,2015,51,,,,,,,,,,,,,,,,,,
Bangladesh,2002,,,,,,,,,,,,,,,33.4,,,,
Bangladesh,2012,26,,,,,,,,,,,,,,,,,,
Bangladesh,2013,27,4.2,45,,,,,,,,,,,,,39,,47.7,
Bangladesh,2014,25,,,,,,,,,,,,,,,,,,
Bangladesh,2015,25,,,,,,,,,,,,,,,,,,
Barbados,2010,,,,,,,,,,,,,,,,,,1.2,
Barbados,2012,76,,,,,,,,,,,,,,,,,,
Barbados,2013,75,,,,,,,,,,,,,,,,,,
Barbados,2014,74,,,,,,,,,,,,,,,,,,
Belarus,2002,,,,,,,,,,,,,,,2.7,,,,
Belarus,2012,31,,,,,,,,,,,,,,,,,,
Belarus,2013,29,,,,,,,,,,,,,,,,,8.9,
Belarus,2014,31,,,,,,,,,,,,,,,,,,
Belarus,2015,32,,,,,,,,,,,,,,,,,,
Belgium,2002,,,,,,,,,,,,,,,2.7,,,,
Belgium,2008,,,,,,,,,,,,,,,,,8.8,,
Belgium,2011,,,,,,,,,,,,,,,,,8.7,,
Belgium,2012,75,,,,,,,,,,,,,,,,,,
Belgium,2013,75,3.9,67,,,,,,,,,,,,,4,,,
Belgium,2014,76,,,,,,,,,,,,,,,,,,
Belgium,2015,77,,,,,,,,,,,,,,,,,,
Belize,2010,,,,,,,,,,,,,,,,,,6.2,
Benin,2002,,,,,,,,,,,,,,,50.4,,,,
Benin,2009,,,,,,,,,,,,,,,,,,34.5,
Benin,2012,36,,,,,,,,,,,,,,,,,,
Benin,2013,36,,,,,,,,,,,,,,,,,,
Benin,2014,39,,,,,,,,,,,,,,,,,,
Benin,2015,37,,,,,,,,,,,,,,,,,,
Bhutan,2002,,,,,,,,,,,,,,,18.6,,,,
Bhutan,2012,63,,,,,,,,,,,,,,,,,,
Bhutan,2013,63,,,,,,,,,,,,,,,,,,
Bhutan,2014,65,,,,,,,,,,,,,,,,,,
Bhutan,2015,65,,,,,,,,,,,,,,,,,0.9,
Bolivia,2002,,,,,,,,,,,,,,,3.1,,,,
Bolivia,2010,,,,,,,,,,,,,,,,,,10.7,
Bolivia,2012,34,,,,,,,,,,,,,,,,,,
Bolivia,2013,34,4.3,78,,,,,,,,,,,,,36,,,
Bolivia,2014,35,,,,,,,,,,,,,,,,,,
Bolivia,2015,34,,,,,,,,,,,,,,,,,,
Bosnia and Herzegovina,2002,,,,,,,,,,,,,,,34.9,,,,
Bosnia and Herzegovina,2012,42,,,,,,,,,,,,,,,,,,
Bosnia and Herzegovina,2013,42,4.4,77,,,,,,,,,,,,,28,,10.7,
Bosnia and Herzegovina,2014,39,,,,,,,,,,,,,,,,,,
Bosnia and Herzegovina,2015,38,,,,,,,,,,,,,,,,,,
Botswana,2002,,,,,,,,,,,,,,,18.7,,,,
Botswana,2010,,,,,,,,,,,,,,,,,,8.4,
Botswana,2012,65,,,,,,,,,,,,,,,,,,
Botswana,2013,64,,,,,,,,,,,,,,,,,,
Botswana,2014,63,,,,,,,,,,,,,,,,,,
Botswana,2015,63,,,,,,,,,,,,,,,,,,
Brazil,2002,,,,,,,,,,,,,,,30.3,,,,
Brazil,2008,,,,,,,,,,,,,,,,,7.4,,
Brazil,2009,,,,,,,,,,,,,,,,,,11.7,
Brazil,2011,,,,,,,,,,,,,,,,,7.7,,
Brazil,2012,43,,,,,,,,,,,,,,,,,,
Brazil,2013,42,4.6,81,,,,,,,,,,,,,,,,
Brazil,2014,43,,,,,,,,,,,,,,,,,,
Brazil,2015,38,,,,,,,,,,,,,,,,,,
Bulgaria,2002,,,,,,,,,,,,,,,119,,,,
Bulgaria,2012,41,,,,,,,,,,,,,,,,,,
Bulgaria,2013,41,4.3,76,,,,,,,,,,,,,8,,8.9,
Bulgaria,2014,43,,,,,,,,,,,,,,,,,,
Bulgaria,2015,41,,,,,,,,,,,,,,,,,,
Burkina Faso,2002,,,,,,,,,,,,,,,0,,,,
Burkina Faso,2009,,,,,,,,,,,,,,,,,,9.8,
Burkina Faso,2012,38,,,,,,,,,,,,,,,,,,
Burkina Faso,2013,38,,,,,,,,,,,,,,,,,,
Burkina Faso,2014,38,,,,,,,,,,,,,,,,,,
Burkina Faso,2015,38,,,,,,,,,,,,,,,,,,
Burundi,2002,,,,,,,,,,,,,,,38.2,,,,
Burundi,2012,19,,,,,,,,,,,,,,,,,,
Burundi,2013,21,4.1,14,,,,,,,,,,,,,,,,
Burundi,2014,20,,,,,,,,,,,,,,,,,30.3,
Burundi,2015,21,,,,,,,,,,,,,,,,,,
Cambodia,2002,,,,,,,,,,,,,,,10,,,,
Cambodia,2012,22,,,,,,,,,,,,,,,,,,
Cambodia,2013,20,3.8,28,,,,,,,,,,,,,57,,,
Cambodia,2014,21,,,,,,,,,,,,,,,,,,
Cambodia,2015,21,,,,,,,,,,,,,,,,,,
Cambodia,2016,,,,,,,,,,,,,,,,,,64.7,
Cameroon,2002,,,,,,,,,,,,,,,44.1,,,,
Cameroon,2009,,,,,,,,,,,,,,,,,,33.9,
Cameroon,2012,26,,,,,,,,,,,,,,,,,,
Cameroon,2013,25,4.5,69,,,,,,,,,,,,,62,,,
Cameroon,2014,27,,,,,,,,,,,,,,,,,,
Cameroon,2015,27,,,,,,,,,,,,,,,,,,
Canada,2002,,,,,,,,,,,,,,,0,,,,
Canada,2008,,,,,,,,,,,,,,,,,8.8,,
Canada,2011,,,,,,,,,,,,,,,,,8.5,,
Canada,2012,84,,,,,,,,,,,,,,,,,,
Canada,2013,81,3.7,62,,,,,,,,,,,,,3,,,
Canada,2014,81,,,,,,,,,,,,,,,,,,
Canada,2015,83,,,,,,,,,,,,,,,,,,
Cape Verde,2009,,,,,,,,,,,,,,,,,,2,
Cape Verde,2012,60,,,,,,,,,,,,,,,,,,
Cape Verde,2013,58,,,,,,,,,,,,,,,,,,
Cape Verde,2014,57,,,,,,,,,,,,,,,,,,
Cape Verde,2015,55,,,,,,,,,,,,,,,,,,
Central African Republic,2002,,,,,,,,,,,,,,,0,,,,
Central African Republic,2011,,,,,,,,,,,,,,,,,,21,
Central African Republic,2012,26,,,,,,,,,,,,,,,,,,
Central African Republic,2013,25,,,,,,,,,,,,,,,,,,
Central African Republic,2014,24,,,,,,,,,,,,,,,,,,
Central African Republic,2015,24,,,,,,,,,,,,,,,,,,
Chad,2002,,,,,,,,,,,,,,,125.9,,,,
Chad,2009,,,,,,,,,,,,,,,,,,35,
Chad,2012,19,,,,,,,,,,,,,,,,,,
Chad,2013,19,,,,,,,,,,,,,,,,,,
Chad,2014,22,,,,,,,,,,,,,,,,,,
Chad,2015,22,,,,,,,,,,,,,,,,,,
Chile,2002,,,,,,,,,,,,,,,16.7,,,,
Chile,2010,,,,,,,,,,,,,,,,,,1.3,
Chile,2012,72,,,,,,,,,,,,,,,,,,
Chile,2013,71,4.3,76,,,,,,,,,,,,,10,,,
Chile,2014,73,,,,,,,,,,,,,,,,,,
Chile,2015,70,,,,,,,,,,,,,,,,,,
China,2002,,,,,,,,,,,,,,,9.6,,,,
China,2008,,,,,,,,,,,,,,,,,6.5,,
China,2011,,,,,,,,,,,,,,,,,6.5,,
China,2012,39,,,,,,,,,,,,,,,,,11.6,
China,2013,40,,,,,,,,,,,,,,,,,,
China,2014,36,,,,,,,,,,,,,,,,,,
China,2015,37,,,,,,,,,,,,,,,,,,
Civil servants,2013,,,,,,,,,,,,,,,,,,,57
Colombia,2002,,,,,,,,,,,,,,,0,,,,
Colombia,2010,,,,,,,,,,,,,,,,,,2.2,
Colombia,2012,36,,,,,,,,,,,,,,,,,,
Colombia,2013,36,4.4,81,,,,,,,,,,,,,22,,,
Colombia,2014,37,,,,,,,,,,,,,,,,,,
Colombia,2015,37,,,,,,,,,,,,,,,,,,
Comoros,2002,,,,,,,,,,,,,,,10.1,,,,
Comoros,2012,28,,,,,,,,,,,,,,,,,,
Comoros,2013,28,,,,,,,,,,,,,,,,,,
Comoros,2014,26,,,,,,,,,,,,,,,,,,
Comoros,2015,26,,,,,,,,,,,,,,,,,,
Congo,2002,,,,,,,,,,,,,,,7.8,,,,
Congo,2009,,,,,,,,,,,,,,,,,,37.5,
Congo,2012,26,,,,,,,,,,,,,,,,,,
Congo,2013,22,,,,,,,,,,,,,,,,,,
Congo,2014,23,,,,,,,,,,,,,,,,,,
Congo,2015,23,,,,,,,,,,,,,,,,,,
Costa Rica,2002,,,,,,,,,,,,,,,10.2,,,,
Costa Rica,2010,,,,,,,,,,,,,,,,,,8.7,
Costa Rica,2012,54,,,,,,,,,,,,,,,,,,
Costa Rica,2013,53,,,,,,,,,,,,,,,,,,
Costa Rica,2014,54,,,,,,,,,,,,,,,,,,
Costa Rica,2015,55,,,,,,,,,,,,,,,,,,
Cote d'Ivoire,2002,,,,,,,,,,,,,,,68,,,,
Cote d'Ivoire,2009,,,,,,,,,,,,,,,,,,19.3,
Cote d'Ivoire,2012,29,,,,,,,,,,,,,,,,,,
Cote d'Ivoire,2013,27,,,,,,,,,,,,,,,,,,
Cote d'Ivoire,2014,32,,,,,,,,,,,,,,,,,,
Cote d'Ivoire,2015,32,,,,,,,,,,,,,,,,,,
Croatia,2002,,,,,,,,,,,,,,,6.6,,,,
Croatia,2012,46,,,,,,,,,,,,,,,,,,
Croatia,2013,48,4.3,72,,,,,,,,,,,,,4,,3.9,
Croatia,2014,48,,,,,,,,,,,,,,,,,,
Croatia,2015,51,,,,,,,,,,,,,,,,,,
Cuba,2012,48,,,,,,,,,,,,,,,,,,
Cuba,2013,46,,,,,,,,,,,,,,,,,,
Cuba,2014,46,,,,,,,,,,,,,,,,,,
Cuba,2015,47,,,,,,,,,,,,,,,,,,
Cyprus,2002,,,,,,,,,,,,,,,2.5,,,,
Cyprus,2012,66,,,,,,,,,,,,,,,,,,
Cyprus,2013,63,4.2,91,,,,,,,,,,,,,19,,,
Cyprus,2014,63,,,,,,,,,,,,,,,,,,
Cyprus,2015,61,,,,,,,,,,,,,,,,,,
Czech Republic,2002,,,,,,,,,,,,,,,19.1,,,,
Czech Republic,2012,49,,,,,,,,,,,,,,,,,,
Czech Republic,2013,48,4.4,73,,,,,,,,,,,,,15,,3.5,
Czech Republic,2014,51,,,,,,,,,,,,,,,,,,
Czech Republic,2015,56,,,,,,,,,,,,,,,,,,
Democratic Republic of Congo,2002,,,,,,,,,,,,,,,6.4,,,,
Democratic Republic of Congo,2012,21,,,,,,,,,,,,,,,,,,
Democratic Republic of Congo,2013,22,4.3,76,,,,,,,,,,,,,46,,56.5,
Democratic Republic of Congo,2014,22,,,,,,,,,,,,,,,,,,
Democratic Republic of Congo,2015,22,,,,,,,,,,,,,,,,,,
Denmark,2002,,,,,,,,,,,,,,,0,,,,
Denmark,2012,90,,,,,,,,,,,,,,,,,,
Denmark,2013,91,2.2,30,,,,,,,,,,,,,1,,,
Denmark,2014,92,,,,,,,,,,,,,,,,,,
Denmark,2015,91,,,,,,,,,,,,,,,,,,
Djibouti,2002,,,,,,,,,,,,,,,6.5,,,,
Djibouti,2012,36,,,,,,,,,,,,,,,,,,
Djibouti,2013,36,,,,,,,,,,,,,,,,,11.1,
Djibouti,2014,34,,,,,,,,,,,,,,,,,,
Djibouti,2015,34,,,,,,,,,,,,,,,,,,
Dominica,2010,,,,,,,,,,,,,,,,,,5.8,
Dominica,2012,58,,,,,,,,,,,,,,,,,,
Dominica,2013,58,,,,,,,,,,,,,,,,,,
Dominica,2014,58,,,,,,,,,,,,,,,,,,
Dominican Republic,2002,,,,,,,,,,,,,,,0.1,,,,
Dominican Republic,2010,,,,,,,,,,,,,,,,,,16.3,
Dominican Republic,2012,32,,,,,,,,,,,,,,,,,,
Dominican Republic,2013,29,,,,,,,,,,,,,,,,,,
Dominican Republic,2014,32,,,,,,,,,,,,,,,,,,
Dominican Republic,2015,33,,,,,,,,,,,,,,,,,,
Ecuador,2002,,,,,,,,,,,,,,,0,,,,
Ecuador,2010,,,,,,,,,,,,,,,,,,1.7,
Ecuador,2012,32,,,,,,,,,,,,,,,,,,
Ecuador,2013,35,,,,,,,,,,,,,,,,,,
Ecuador,2014,33,,,,,,,,,,,,,,,,,,
Ecuador,2015,32,,,,,,,,,,,,,,,,,,
Education system,2013,,,,,,,,,,,,,,,,,,,41
Egypt,2002,,,,,,,,,,,,,,,141.4,,,,
Egypt,2012,32,,,,,,,,,,,,,,,,,,
Egypt,2013,32,4.1,72,,,,,,,,,,,,,36,,17.4,
Egypt,2014,37,,,,,,,,,,,,,,,,,,
Egypt,2015,36,,,,,,,,,,,,,,,,,,
El Salvador,2002,,,,,,,,,,,,,,,1.7,,,,
El Salvador,2010,,,,,,,,,,,,,,,,,,4.3,
El Salvador,2012,38,,,,,,,,,,,,,,,,,,
El Salvador,2013,38,4.3,85,,,,,,,,,,,,,12,,,
El Salvador,2014,39,,,,,,,,,,,,,,,,,,
El Salvador,2015,39,,,,,,,,,,,,,,,,,,
Eritrea,2002,,,,,,,,,,,,,,,0.8,,,,
Eritrea,2009,,,,,,,,,,,,,,,,,,0,
Eritrea,2012,25,,,,,,,,,,,,,,,,,,
Eritrea,2013,20,,,,,,,,,,,,,,,,,,
Eritrea,2014,18,,,,,,,,,,,,,,,,,,
Eritrea,2015,18,,,,,,,,,,,,,,,,,,
Estonia,2002,,,,,,,,,,,,,,,10.7,,,,
Estonia,2012,64,,,,,,,,,,,,,,,,,,
Estonia,2013,68,3.7,55,,,,,,,,,,,,,6,,0,
Estonia,2014,69,,,,,,,,,,,,,,,,,,
Estonia,2015,70,,,,,,,,,,,,,,,,,,
Ethiopia,2002,,,,,,,,,,,,,,,60.4,,,,
Ethiopia,2012,33,,,,,,,,,,,,,,,,,,
Ethiopia,2013,33,3.1,24,,,,,,,,,,,,,44,,,
Ethiopia,2014,33,,,,,,,,,,,,,,,,,,
Ethiopia,2015,33,,,,,,,,,,,,,,,,,26.8,
Fiji,2002,,,,,,,,,,,,,,,15.7,,,,
Fiji,2009,,,,,,,,,,,,,,,,,,10.5,
Fiji,2013,,4.1,50,,,,,,,,,,,,,,,,
Finland,2002,,,,,,,,,,,,,,,0.1,,,,
Finland,2012,90,,,,,,,,,,,,,,,,,,
Finland,2013,89,2.9,45,,,,,,,,,,,,,1,,,
Finland,2014,89,,,,,,,,,,,,,,,,,,
Finland,2015,90,,,,,,,,,,,,,,,,,,
France,2002,,,,,,,,,,,,,,,6.2,,,,
France,2008,,,,,,,,,,,,,,,,,8.1,,
France,2011,,,,,,,,,,,,,,,,,8,,
France,2012,71,,,,,,,,,,,,,,,,,,
France,2013,71,4.1,73,,,,,,,,,,,,,,,,
France,2014,69,,,,,,,,,,,,,,,,,,
France,2015,70,,,,,,,,,,,,,,,,,,
Gabon,2002,,,,,,,,,,,,,,,2.2,,,,
Gabon,2009,,,,,,,,,,,,,,,,,,23.2,
Gabon,2012,35,,,,,,,,,,,,,,,,,,
Gabon,2013,34,,,,,,,,,,,,,,,,,,
Gabon,2014,37,,,,,,,,,,,,,,,,,,
Gabon,2015,34,,,,,,,,,,,,,,,,,,
Gambia,2002,,,,,,,,,,,,,,,1.5,,,,
Gambia,2006,,,,,,,,,,,,,,,,,,25.1,
Gambia,2012,34,,,,,,,,,,,,,,,,,,
Gambia,2013,28,,,,,,,,,,,,,,,,,,
Gambia,2014,29,,,,,,,,,,,,,,,,,,
Gambia,2015,28,,,,,,,,,,,,,,,,,,
Georgia,2002,,,,,,,,,,,,,,,9.8,,,,
Georgia,2012,52,,,,,,,,,,,,,,,,,,
Georgia,2013,49,3.1,28,,,,,,,,,,,,,4,,2.2,
Georgia,2014,52,,,,,,,,,,,,,,,,,,
Georgia,2015,52,,,,,,,,,,,,,,,,,,
Germany,2002,,,,,,,,,,,,,,,1,,,,
Germany,2008,,,,,,,,,,,,,,,,,8.6,,
Germany,2011,,,,,,,,,,,,,,,,,8.6,,
Germany,2012,79,,,,,,,,,,,,,,,,,,
Germany,2013,78,3.9,65,,,,,,,,,,,,,,,,
Germany,2014,79,,,,,,,,,,,,,,,,,,
Germany,2015,81,,,,,,,,,,,,,,,,,,
Ghana,2002,,,,,,,,,,,,,,,11.4,,,,
Ghana,2012,45,,,,,,,,,,,,,,,,,,
Ghana,2013,46,4.4,76,,,,,,,,,,,,,54,,18.7,
Ghana,2014,48,,,,,,,,,,,,,,,,,,
Ghana,2015,47,,,,,,,,,,,,,,,,,,
Global,2013,,,65,,,,,,,,,,,,,,,,
Greece,2002,,,,,,,,,,,,,,,0,,,,
Greece,2012,36,,,,,,,,,,,,,,,,,,
Greece,2013,40,4.6,90,,,,,,,,,,,,,22,,,
Greece,2014,43,,,,,,,,,,,,,,,,,,
Greece,2015,46,,,,,,,,,,,,,,,,,,
Grenada,2010,,,,,,,,,,,,,,,,,,6.6,
Guatemala,2002,,,,,,,,,,,,,,,0.1,,,,
Guatemala,2010,,,,,,,,,,,,,,,,,,11.3,
Guatemala,2012,33,,,,,,,,,,,,,,,,,,
Guatemala,2013,29,,,,,,,,,,,,,,,,,,
Guatemala,2014,32,,,,,,,,,,,,,,,,,,
Guatemala,2015,28,,,,,,,,,,,,,,,,,,
Guinea,2002,,,,,,,,,,,,,,,35.2,,,,
Guinea,2006,,,,,,,,,,,,,,,,,,60.7,
Guinea,2012,24,,,,,,,,,,,,,,,,,,
Guinea,2013,24,,,,,,,,,,,,,,,,,,
Guinea,2014,25,,,,,,,,,,,,,,,,,,
Guinea,2015,25,,,,,,,,,,,,,,,,,,
Guinea-Bissau,2002,,,,,,,,,,,,,,,10.9,,,,
Guinea-Bissau,2006,,,,,,,,,,,,,,,,,,27.6,
Guinea-Bissau,2012,25,,,,,,,,,,,,,,,,,,
Guinea-Bissau,2013,19,,,,,,,,,,,,,,,,,,
Guinea-Bissau,2014,19,,,,,,,,,,,,,,,,,,
Guinea-Bissau,2015,17,,,,,,,,,,,,,,,,,,
Guyana,2002,,,,,,,,,,,,,,,2.3,,,,
Guyana,2010,,,,,,,,,,,,,,,,,,14.9,
Guyana,2012,28,,,,,,,,,,,,,,,,,,
Guyana,2013,27,,,,,,,,,,,,,,,,,,
Guyana,2014,30,,,,,,,,,,,,,,,,,,
Guyana,2015,29,,,,,,,,,,,,,,,,,,
Haiti,2002,,,,,,,,,,,,,,,3,,,,
Haiti,2012,19,,,,,,,,,,,,,,,,,,
Haiti,2013,19,,,,,,,,,,,,,,,,,,
Haiti,2014,19,,,,,,,,,,,,,,,,,,
Haiti,2015,17,,,,,,,,,,,,,,,,,,
Health,2013,,,,,,,,,,,,,,,,,,,45
Honduras,2002,,,,,,,,,,,,,,,5.5,,,,
Honduras,2010,,,,,,,,,,,,,,,,,,8.1,
Honduras,2012,28,,,,,,,,,,,,,,,,,,
Honduras,2013,26,,,,,,,,,,,,,,,,,,
Honduras,2014,29,,,,,,,,,,,,,,,,,,
Honduras,2015,31,,,,,,,,,,,,,,,,,,
Hong Kong,2008,,,,,,,,,,,,,,,,,7.6,,
Hong Kong,2011,,,,,,,,,,,,,,,,,7.6,,
Hong Kong,2012,77,,,,,,,,,,,,,,,,,,
Hong Kong,2013,75,,,,,,,,,,,,,,,,,,
Hong Kong,2014,74,,,,,,,,,,,,,,,,,,
Hong Kong,2015,75,,,,,,,,,,,,,,,,,,
Hungary,2002,,,,,,,,,,,,,,,3.3,,,,
Hungary,2012,55,,,,,,,,,,,,,,,,,,
Hungary,2013,54,3.8,68,,,,,,,,,,,,,12,,2.1,
Hungary,2014,54,,,,,,,,,,,,,,,,,,
Hungary,2015,51,,,,,,,,,,,,,,,,,,
Iceland,2012,82,,,,,,,,,,,,,,,,,,
Iceland,2013,78,,,,,,,,,,,,,,,,,,
Iceland,2014,79,,,,,,,,,,,,,,,,,,
Iceland,2015,79,,,,,,,,,,,,,,,,,,
India,2002,,,,,,,,,,,,,,,6.2,,,,
India,2008,,,,,,,,,,,,,,,,,6.8,,
India,2011,,,,,,,,,,,,,,,,,7.5,,
India,2012,36,,,,,,,,,,,,,,,,,,
India,2013,36,4.2,86,,,,,,,,,,,,,54,,,
India,2014,38,,,,,,,,,,,,,,,,,22.7,
India,2015,38,,,,,,,,,,,,,,,,,,
Indonesia,2002,,,,,,,,,,,,,,,36.5,,,,
Indonesia,2012,32,,,,,,,,,,,,,,,,,,
Indonesia,2013,32,4.7,86,,,,,,,,,,,,,36,,,
Indonesia,2014,34,,,,,,,,,,,,,,,,,,
Indonesia,2015,36,,,,,,,,,,,,,,,,,30.6,
Iran,2002,,,,,,,,,,,,,,,15.9,,,,
Iran,2012,28,,,,,,,,,,,,,,,,,,
Iran,2013,25,,,,,,,,,,,,,,,,,,
Iran,2014,27,,,,,,,,,,,,,,,,,,
Iran,2015,27,,,,,,,,,,,,,,,,,,
Iraq,2011,,,,,,,,,,,,,,,,,,37.3,
Iraq,2012,18,,,,,,,,,,,,,,,,,,
Iraq,2013,16,4.1,47,,,,,,,,,,,,,29,,,
Iraq,2014,16,,,,,,,,,,,,,,,,,,
Iraq,2015,16,,,,,,,,,,,,,,,,,,
Ireland,2002,,,,,,,,,,,,,,,0,,,,
Ireland,2012,69,,,,,,,,,,,,,,,,,,
Ireland,2013,72,,,,,,,,,,,,,,,,,,
Ireland,2014,74,,,,,,,,,,,,,,,,,,
Ireland,2015,75,,,,,,,,,,,,,,,,,,
Israel,2002,,,,,,,,,,,,,,,0,,,,
Israel,2012,60,,,,,,,,,,,,,,,,,,
Israel,2013,61,4.3,79,,,,,,,,,,,,,12,,0.1,
Israel,2014,60,,,,,,,,,,,,,,,,,,
Israel,2015,61,,,,,,,,,,,,,,,,,,
Italy,2002,,,,,,,,,,,,,,,14.8,,,,
Italy,2008,,,,,,,,,,,,,,,,,7.4,,
Italy,2011,,,,,,,,,,,,,,,,,7.6,,
Italy,2012,42,,,,,,,,,,,,,,,,,,
Italy,2013,43,4.4,89,,,,,,,,,,,,,5,,,
Italy,2014,43,,,,,,,,,,,,,,,,,,
Italy,2015,44,,,,,,,,,,,,,,,,,,
Jamaica,2002,,,,,,,,,,,,,,,0,,,,
Jamaica,2010,,,,,,,,,,,,,,,,,,19.3,
Jamaica,2012,38,,,,,,,,,,,,,,,,,,
Jamaica,2013,38,4.4,85,,,,,,,,,,,,,12,,,
Jamaica,2014,38,,,,,,,,,,,,,,,,,,
Jamaica,2015,41,,,,,,,,,,,,,,,,,,
Japan,2002,,,,,,,,,,,,,,,0,,,,
Japan,2008,,,,,,,,,,,,,,,,,8.6,,
Japan,2011,,,,,,,,,,,,,,,,,8.6,,
Japan,2012,74,,,,,,,,,,,,,,,,,,
Japan,2013,74,4.2,80,,,,,,,,,,,,,1,,,
Japan,2014,76,,,,,,,,,,,,,,,,,,
Japan,2015,75,,,,,,,,,,,,,,,,,,
Jordan,2002,,,,,,,,,,,,,,,3,,,,
Jordan,2012,48,,,,,,,,,,,,,,,,,,
Jordan,2013,45,3.7,,,,,,,,,,,,,,37,,12.7,
Jordan,2014,49,,,,,,,,,,,,,,,,,,
Jordan,2015,53,,,,,,,,,,,,,,,,,,
Judiciary,2013,,,,,,,,,,,,,,,,,,,56
Kazakhstan,2002,,,,,,,,,,,,,,,21.4,,,,
Kazakhstan,2012,28,,,,,,,,,,,,,,,,,,
Kazakhstan,2013,26,3.9,23,,,,,,,,,,,,,34,,26.7,
Kazakhstan,2014,29,,,,,,,,,,,,,,,,,,
Kazakhstan,2015,28,,,,,,,,,,,,,,,,,,
Kenya,2002,,,,,,,,,,,,,,,7.8,,,,
Kenya,2012,27,,,,,,,,,,,,,,,,,,
Kenya,2013,27,4.3,53,,,,,,,,,,,,,70,,26.4,
Kenya,2014,25,,,,,,,,,,,,,,,,,,
Kenya,2015,25,,,,,,,,,,,,,,,,,,
Kosovo,2012,34,,,,,,,,,,,,,,,,,,
Kosovo,2013,33,4.5,75,,,,,,,,,,,,,16,,13.7,
Kosovo,2014,33,,,,,,,,,,,,,,,,,,
Kosovo,2015,33,,,,,,,,,,,,,,,,,,
Kuwait,2002,,,,,,,,,,,,,,,249.4,,,,
Kuwait,2012,44,,,,,,,,,,,,,,,,,,
Kuwait,2013,43,,,,,,,,,,,,,,,,,,
Kuwait,2014,44,,,,,,,,,,,,,,,,,,
Kuwait,2015,49,,,,,,,,,,,,,,,,,,
Kyrgyzstan,2002,,,,,,,,,,,,,,,5.2,,,,
Kyrgyzstan,2012,24,,,,,,,,,,,,,,,,,,
Kyrgyzstan,2013,24,4.6,75,,,,,,,,,,,,,45,,59.8,
Kyrgyzstan,2014,27,,,,,,,,,,,,,,,,,,
Kyrgyzstan,2015,28,,,,,,,,,,,,,,,,,,
Laos,2002,,,,,,,,,,,,,,,6.2,,,,
Laos,2012,21,,,,,,,,,,,,,,,,,,
Laos,2013,26,,,,,,,,,,,,,,,,,,
Laos,2014,25,,,,,,,,,,,,,,,,,,
Laos,2015,25,,,,,,,,,,,,,,,,,,
Laos,2016,,,,,,,,,,,,,,,,,,16.4,
Latvia,2002,,,,,,,,,,,,,,,0,,,,
Latvia,2012,49,,,,,,,,,,,,,,,,,,
Latvia,2013,53,4.2,68,,,,,,,,,,,,,19,,3.5,
Latvia,2014,55,,,,,,,,,,,,,,,,,,
Latvia,2015,55,,,,,,,,,,,,,,,,,,
Lebanon,2002,,,,,,,,,,,,,,,1.4,,,,
Lebanon,2012,30,,,,,,,,,,,,,,,,,,
Lebanon,2013,28,4.6,68,,,,,,,,,,,,,,,19.2,
Lebanon,2014,27,,,,,,,,,,,,,,,,,,
Lebanon,2015,28,,,,,,,,,,,,,,,,,,
Lesotho,2002,,,,,,,,,,,,,,,19.1,,,,
Lesotho,2009,,,,,,,,,,,,,,,,,,14.6,
Lesotho,2012,45,,,,,,,,,,,,,,,,,,
Lesotho,2013,49,,,,,,,,,,,,,,,,,,
Lesotho,2014,49,,,,,,,,,,,,,,,,,,
Lesotho,2015,44,,,,,,,,,,,,,,,,,,
Liberia,2002,,,,,,,,,,,,,,,13.7,,,,
Liberia,2009,,,,,,,,,,,,,,,,,,70.5,
Liberia,2012,41,,,,,,,,,,,,,,,,,,
Liberia,2013,38,4.8,71,,,,,,,,,,,,,75,,,
Liberia,2014,37,,,,,,,,,,,,,,,,,,
Liberia,2015,37,,,,,,,,,,,,,,,,,,
Libya,2002,,,,,,,,,,,,,,,8.3,,,,
Libya,2012,21,,,,,,,,,,,,,,,,,,
Libya,2013,15,3.5,39,,,,,,,,,,,,,62,,,
Libya,2014,18,,,,,,,,,,,,,,,,,,
Libya,2015,16,,,,,,,,,,,,,,,,,,
Lithuania,2002,,,,,,,,,,,,,,,2.1,,,,
Lithuania,2012,54,,,,,,,,,,,,,,,,,,
Lithuania,2013,57,4.5,78,,,,,,,,,,,,,26,,10.4,
Lithuania,2014,58,,,,,,,,,,,,,,,,,,
Lithuania,2015,61,,,,,,,,,,,,,,,,,,
Luxembourg,2012,80,,,,,,,,,,,,,,,,,,
Luxembourg,2013,80,3.2,53,,,,,,,,,,,,,,,,
Luxembourg,2014,82,,,,,,,,,,,,,,,,,,
Luxembourg,2015,81,,,,,,,,,,,,,,,,,,
Macedonia,2002,,,,,,,,,,,,,,,3.3,,,,
Macedonia,2012,43,,,,,,,,,,,,,,,,,,
Macedonia,2013,44,4.1,68,,,,,,,,,,,,,17,,7.5,
Macedonia,2014,45,,,,,,,,,,,,,,,,,,
Macedonia,2015,42,,,,,,,,,,,,,,,,,,
Madagascar,2002,,,,,,,,,,,,,,,8.8,,,,
Madagascar,2012,32,,,,,,,,,,,,,,,,,,
Madagascar,2013,28,4.2,70,,,,,,,,,,,,,28,,32.9,
Madagascar,2014,28,,,,,,,,,,,,,,,,,,
Madagascar,2015,28,,,,,,,,,,,,,,,,,,
Malawi,2002,,,,,,,,,,,,,,,13.2,,,,
Malawi,2012,37,,,,,,,,,,,,,,,,,,
Malawi,2013,37,4.5,70,,,,,,,,,,,,,,,,
Malawi,2014,33,,,,,,,,,,,,,,,,,24.2,
Malawi,2015,31,,,,,,,,,,,,,,,,,,
Malaysia,2002,,,,,,,,,,,,,,,1.4,,,,
Malaysia,2012,49,,,,,,,,,,,,,,,,,,
Malaysia,2013,50,3.8,69,,,,,,,,,,,,,3,,,
Malaysia,2014,52,,,,,,,,,,,,,,,,,,
Malaysia,2015,50,,,,,,,,,,,,,,,,,28.2,
Maldives,2013,,4.3,75,,,,,,,,,,,,,3,,,
Mali,2002,,,,,,,,,,,,,,,37.9,,,,
Mali,2010,,,,,,,,,,,,,,,,,,27.3,
Mali,2012,34,,,,,,,,,,,,,,,,,,
Mali,2013,28,,,,,,,,,,,,,,,,,,
Mali,2014,32,,,,,,,,,,,,,,,,,,
Mali,2015,35,,,,,,,,,,,,,,,,,,
Malta,2012,57,,,,,,,,,,,,,,,,,,
Malta,2013,56,,,,,,,,,,,,,,,,,,
Malta,2014,55,,,,,,,,,,,,,,,,,,
Malta,2015,56,,,,,,,,,,,,,,,,,,
Mauritania,2002,,,,,,,,,,,,,,,11.3,,,,
Mauritania,2012,31,,,,,,,,,,,,,,,,,,
Mauritania,2013,30,,,,,,,,,,,,,,,,,,
Mauritania,2014,30,,,,,,,,,,,,,,,,,28.9,
Mauritania,2015,31,,,,,,,,,,,,,,,,,,
Mauritius,2002,,,,,,,,,,,,,,,20.7,,,,
Mauritius,2009,,,,,,,,,,,,,,,,,,3.9,
Mauritius,2012,57,,,,,,,,,,,,,,,,,,
Mauritius,2013,52,,,,,,,,,,,,,,,,,,
Mauritius,2014,54,,,,,,,,,,,,,,,,,,
Mauritius,2015,53,,,,,,,,,,,,,,,,,,
Media,2013,,,,,,,,,,,,,,,,,,,39
Mexico,2002,,,,,,,,,,,,,,,4,,,,
Mexico,2008,,,,,,,,,,,,,,,,,6.6,,
Mexico,2010,,,,,,,,,,,,,,,,,,17.6,
Mexico,2011,,,,,,,,,,,,,,,,,7,,
Mexico,2012,34,,,,,,,,,,,,,,,,,,
Mexico,2013,34,4.7,91,,,,,,,,,,,,,33,,,
Mexico,2014,35,,,,,,,,,,,,,,,,,,
Mexico,2015,35,,,,,,,,,,,,,,,,,,
Micronesia (country),2009,,,,,,,,,,,,,,,,,,4.5,
Military,2013,,,,,,,,,,,,,,,,,,,34
Moldova,2002,,,,,,,,,,,,,,,0.7,,,,
Moldova,2012,36,,,,,,,,,,,,,,,,,,
Moldova,2013,35,4.6,75,,,,,,,,,,,,,29,,31,
Moldova,2014,35,,,,,,,,,,,,,,,,,,
Moldova,2015,33,,,,,,,,,,,,,,,,,,
Mongolia,2002,,,,,,,,,,,,,,,10.3,,,,
Mongolia,2012,36,,,,,,,,,,,,,,,,,,
Mongolia,2013,38,4.8,65,,,,,,,,,,,,,45,,33.4,
Mongolia,2014,39,,,,,,,,,,,,,,,,,,
Mongolia,2015,39,,,,,,,,,,,,,,,,,,
Montenegro,2012,41,,,,,,,,,,,,,,,,,,
Montenegro,2013,44,,,,,,,,,,,,,,,,,18.8,
Montenegro,2014,42,,,,,,,,,,,,,,,,,,
Montenegro,2015,44,,,,,,,,,,,,,,,,,,
Morocco,2002,,,,,,,,,,,,,,,60.8,,,,
Morocco,2012,37,,,,,,,,,,,,,,,,,,
Morocco,2013,37,4.6,67,,,,,,,,,,,,,49,,37.2,
Morocco,2014,39,,,,,,,,,,,,,,,,,,
Morocco,2015,36,,,,,,,,,,,,,,,,,,
Mozambique,2002,,,,,,,,,,,,,,,112.1,,,,
Mozambique,2007,,,,,,,,,,,,,,,,,,12.4,
Mozambique,2012,31,,,,,,,,,,,,,,,,,,
Mozambique,2013,30,4,58,,,,,,,,,,,,,62,,,
Mozambique,2014,31,,,,,,,,,,,,,,,,,,
Mozambique,2015,31,,,,,,,,,,,,,,,,,,
Myanmar,2012,15,,,,,,,,,,,,,,,,,,
Myanmar,2013,21,,,,,,,,,,,,,,,,,,
Myanmar,2014,21,,,,,,,,,,,,,,,,,42.9,
Myanmar,2015,22,,,,,,,,,,,,,,,,,,
Namibia,2002,,,,,,,,,,,,,,,4.3,,,,
Namibia,2012,48,,,,,,,,,,,,,,,,,,
Namibia,2013,48,,,,,,,,,,,,,,,,,,
Namibia,2014,49,,,,,,,,,,,,,,,,,9.1,
Namibia,2015,53,,,,,,,,,,,,,,,,,,
Nepal,2002,,,,,,,,,,,,,,,16.7,,,,
Nepal,2012,27,,,,,,,,,,,,,,,,,,
Nepal,2013,31,4.5,90,,,,,,,,,,,,,31,,14.4,
Nepal,2014,29,,,,,,,,,,,,,,,,,,
Nepal,2015,27,,,,,,,,,,,,,,,,,,
Netherlands,2002,,,,,,,,,,,,,,,0,,,,
Netherlands,2008,,,,,,,,,,,,,,,,,8.7,,
Netherlands,2011,,,,,,,,,,,,,,,,,8.8,,
Netherlands,2012,84,,,,,,,,,,,,,,,,,,
Netherlands,2013,83,,,,,,,,,,,,,,,,,,
Netherlands,2014,83,,,,,,,,,,,,,,,,,,
Netherlands,2015,87,,,,,,,,,,,,,,,,,,
New Zealand,2002,,,,,,,,,,,,,,,0.1,,,,
New Zealand,2012,90,,,,,,,,,,,,,,,,,,
New Zealand,2013,91,3.3,46,,,,,,,,,,,,,3,,,
New Zealand,2014,91,,,,,,,,,,,,,,,,,,
New Zealand,2015,88,,,,,,,,,,,,,,,,,,
NGOs,2013,,,,,,,,,,,,,,,,,,,28
Nicaragua,2002,,,,,,,,,,,,,,,4.9,,,,
Nicaragua,2010,,,,,,,,,,,,,,,,,,8.6,
Nicaragua,2012,29,,,,,,,,,,,,,,,,,,
Nicaragua,2013,28,,,,,,,,,,,,,,,,,,
Nicaragua,2014,28,,,,,,,,,,,,,,,,,,
Nicaragua,2015,27,,,,,,,,,,,,,,,,,,
Niger,2002,,,,,,,,,,,,,,,20.2,,,,
Niger,2009,,,,,,,,,,,,,,,,,,18.5,
Niger,2012,33,,,,,,,,,,,,,,,,,,
Niger,2013,34,,,,,,,,,,,,,,,,,,
Niger,2014,35,,,,,,,,,,,,,,,,,,
Niger,2015,34,,,,,,,,,,,,,,,,,,
Nigeria,2002,,,,,,,,,,,,,,,59.4,,,,
Nigeria,2012,27,,,,,,,,,,,,,,,,,,
Nigeria,2013,25,4.7,94,,,,,,,,,,,,,44,,,
Nigeria,2014,27,,,,,,,,,,,,,,,,,28.9,
Nigeria,2015,26,,,,,,,,,,,,,,,,,,
North Korea,2012,8,,,,,,,,,,,,,,,,,,
North Korea,2013,8,,,,,,,,,,,,,,,,,,
North Korea,2014,8,,,,,,,,,,,,,,,,,,
North Korea,2015,8,,,,,,,,,,,,,,,,,,
Norway,2002,,,,,,,,,,,,,,,0,,,,
Norway,2012,85,,,,,,,,,,,,,,,,,,
Norway,2013,86,3.1,41,,,,,,,,,,,,,3,,,
Norway,2014,86,,,,,,,,,,,,,,,,,,
Norway,2015,87,,,,,,,,,,,,,,,,,,
Oman,2002,,,,,,,,,,,,,,,0,,,,
Oman,2012,47,,,,,,,,,,,,,,,,,,
Oman,2013,47,,,,,,,,,,,,,,,,,,
Oman,2014,45,,,,,,,,,,,,,,,,,,
Oman,2015,45,,,,,,,,,,,,,,,,,,
Pakistan,2002,,,,,,,,,,,,,,,70.3,,,,
Pakistan,2012,27,,,,,,,,,,,,,,,,,,
Pakistan,2013,28,4.6,76,,,,,,,,,,,,,34,,30.8,
Pakistan,2014,29,,,,,,,,,,,,,,,,,,
Pakistan,2015,30,,,,,,,,,,,,,,,,,,
Palestine,2013,,3.9,42,,,,,,,,,,,,,12,,6.9,
Panama,2002,,,,,,,,,,,,,,,0,,,,
Panama,2010,,,,,,,,,,,,,,,,,,7.1,
Panama,2012,38,,,,,,,,,,,,,,,,,,
Panama,2013,35,,,,,,,,,,,,,,,,,,
Panama,2014,37,,,,,,,,,,,,,,,,,,
Panama,2015,39,,,,,,,,,,,,,,,,,,
Papua New Guinea,2002,,,,,,,,,,,,,,,5.6,,,,
Papua New Guinea,2012,25,,,,,,,,,,,,,,,,,,
Papua New Guinea,2013,25,4.6,70,,,,,,,,,,,,,27,,,
Papua New Guinea,2014,25,,,,,,,,,,,,,,,,,,
Papua New Guinea,2015,25,,,,,,,,,,,,,,,,,26.4,
Paraguay,2002,,,,,,,,,,,,,,,13.2,,,,
Paraguay,2010,,,,,,,,,,,,,,,,,,31.5,
Paraguay,2012,25,,,,,,,,,,,,,,,,,,
Paraguay,2013,24,4.7,81,,,,,,,,,,,,,25,,,
Paraguay,2014,24,,,,,,,,,,,,,,,,,,
Paraguay,2015,27,,,,,,,,,,,,,,,,,,
Parliament/Legislature,2013,,,,,,,,,,,,,,,,,,,57
Peru,2002,,,,,,,,,,,,,,,3.1,,,,
Peru,2010,,,,,,,,,,,,,,,,,,15.9,
Peru,2012,38,,,,,,,,,,,,,,,,,,
Peru,2013,38,4.5,81,,,,,,,,,,,,,20,,,
Peru,2014,38,,,,,,,,,,,,,,,,,,
Peru,2015,36,,,,,,,,,,,,,,,,,,
Philippines,2002,,,,,,,,,,,,,,,11.7,,,,
Philippines,2012,34,,,,,,,,,,,,,,,,,,
Philippines,2013,36,4.4,58,,,,,,,,,,,,,12,,,
Philippines,2014,38,,,,,,,,,,,,,,,,,,
Philippines,2015,35,,,,,,,,,,,,,,,,,17.2,
Poland,2002,,,,,,,,,,,,,,,1.7,,,,
Poland,2012,58,,,,,,,,,,,,,,,,,,
Poland,2013,60,,,,,,,,,,,,,,,,,1.9,
Poland,2014,61,,,,,,,,,,,,,,,,,,
Poland,2015,62,,,,,,,,,,,,,,,,,,
Police,2013,,,,,,,,,,,,,,,,,,,60
Polit. Parties,2013,,,,,,,,,,,,,,,,,,,65
Portugal,2002,,,,,,,,,,,,,,,8.9,,,,
Portugal,2012,63,,,,,,,,,,,,,,,,,,
Portugal,2013,62,4.6,73,,,,,,,,,,,,,3,,,
Portugal,2014,63,,,,,,,,,,,,,,,,,,
Portugal,2015,63,,,,,,,,,,,,,,,,,,
Private Sector,2013,,,,,,,,,,,,,,,,,,,45
Puerto Rico,2012,63,,,,,,,,,,,,,,,,,,
Puerto Rico,2013,62,,,,,,,,,,,,,,,,,,
Puerto Rico,2014,63,,,,,,,,,,,,,,,,,,
Qatar,2012,68,,,,,,,,,,,,,,,,,,
Qatar,2013,68,,,,,,,,,,,,,,,,,,
Qatar,2014,69,,,,,,,,,,,,,,,,,,
Qatar,2015,71,,,,,,,,,,,,,,,,,,
Religious Inst.,2013,,,,,,,,,,,,,,,,,,,29
Romania,2002,,,,,,,,,,,,,,,3.6,,,,
Romania,2012,44,,,,,,,,,,,,,,,,,,
Romania,2013,43,4.5,76,,,,,,,,,,,,,17,,9.8,
Romania,2014,43,,,,,,,,,,,,,,,,,,
Romania,2015,46,,,,,,,,,,,,,,,,,,
Russia,2002,,,,,,,,,,,,,,,2.1,,,,
Russia,2008,,,,,,,,,,,,,,,,,5.9,,
Russia,2011,,,,,,,,,,,,,,,,,6.1,,
Russia,2012,28,,,,,,,,,,,,,,,,,14.2,
Russia,2013,28,4.7,77,,,,,,,,,,,,,,,,
Russia,2014,27,,,,,,,,,,,,,,,,,,
Russia,2015,29,,,,,,,,,,,,,,,,,,
Rwanda,2002,,,,,,,,,,,,,,,13.1,,,,
Rwanda,2011,,,,,,,,,,,,,,,,,,6.9,
Rwanda,2012,53,,,,,,,,,,,,,,,,,,
Rwanda,2013,53,2,2,,,,,,,,,,,,,13,,,
Rwanda,2014,49,,,,,,,,,,,,,,,,,,
Rwanda,2015,54,,,,,,,,,,,,,,,,,,
Saint Kitts and Nevis,2010,,,,,,,,,,,,,,,,,,2.2,
Saint Lucia,2010,,,,,,,,,,,,,,,,,,11.6,
Saint Vincent and the Grenadines,2010,,,,,,,,,,,,,,,,,,4.9,
Saint Vincent and the Grenadines,2012,62,,,,,,,,,,,,,,,,,,
Saint Vincent and the Grenadines,2013,62,,,,,,,,,,,,,,,,,,
Saint Vincent and the Grenadines,2014,67,,,,,,,,,,,,,,,,,,
Samoa,2009,,,,,,,,,,,,,,,,,,30.5,
Samoa,2014,52,,,,,,,,,,,,,,,,,,
Sao Tome and Principe,2012,42,,,,,,,,,,,,,,,,,,
Sao Tome and Principe,2013,42,,,,,,,,,,,,,,,,,,
Sao Tome and Principe,2014,42,,,,,,,,,,,,,,,,,,
Sao Tome and Principe,2015,42,,,,,,,,,,,,,,,,,,
Saudi Arabia,2002,,,,,,,,,,,,,,,34.2,,,,
Saudi Arabia,2012,44,,,,,,,,,,,,,,,,,,
Saudi Arabia,2013,46,,,,,,,,,,,,,,,,,,
Saudi Arabia,2014,49,,,,,,,,,,,,,,,,,,
Saudi Arabia,2015,52,,,,,,,,,,,,,,,,,,
Senegal,2002,,,,,,,,,,,,,,,80.2,,,,
Senegal,2012,36,,,,,,,,,,,,,,,,,,
Senegal,2013,41,4.5,76,,,,,,,,,,,,,57,,,
Senegal,2014,43,,,,,,,,,,,,,,,,,11.1,
Senegal,2015,44,,,,,,,,,,,,,,,,,,
Serbia,2012,39,,,,,,,,,,,,,,,,,,
Serbia,2013,42,4.7,80,,,,,,,,,,,,,26,,6.1,
Serbia,2014,41,,,,,,,,,,,,,,,,,,
Serbia,2015,40,,,,,,,,,,,,,,,,,,
Serbia and Montenegro,2002,,,,,,,,,,,,,,,38.5,,,,
Seychelles,2012,52,,,,,,,,,,,,,,,,,,
Seychelles,2013,54,,,,,,,,,,,,,,,,,,
Seychelles,2014,55,,,,,,,,,,,,,,,,,,
Seychelles,2015,55,,,,,,,,,,,,,,,,,,
Sierra Leone,2002,,,,,,,,,,,,,,,25.9,,,,
Sierra Leone,2009,,,,,,,,,,,,,,,,,,18.1,
Sierra Leone,2012,31,,,,,,,,,,,,,,,,,,
Sierra Leone,2013,30,4.1,41,,,,,,,,,,,,,84,,,
Sierra Leone,2014,31,,,,,,,,,,,,,,,,,,
Sierra Leone,2015,29,,,,,,,,,,,,,,,,,,
Singapore,2002,,,,,,,,,,,,,,,3.6,,,,
Singapore,2008,,,,,,,,,,,,,,,,,8.1,,
Singapore,2011,,,,,,,,,,,,,,,,,8.3,,
Singapore,2012,87,,,,,,,,,,,,,,,,,,
Singapore,2013,86,,,,,,,,,,,,,,,,,,
Singapore,2014,84,,,,,,,,,,,,,,,,,,
Singapore,2015,85,,,,,,,,,,,,,,,,,,
Slovakia,2002,,,,,,,,,,,,,,,6.5,,,,
Slovakia,2012,46,,,,,,,,,,,,,,,,,,
Slovakia,2013,47,4.2,64,,,,,,,,,,,,,21,,4.4,
Slovakia,2014,50,,,,,,,,,,,,,,,,,,
Slovakia,2015,51,,,,,,,,,,,,,,,,,,
Slovenia,2002,,,,,,,,,,,,,,,5.3,,,,
Slovenia,2012,61,,,,,,,,,,,,,,,,,,
Slovenia,2013,57,4.2,78,,,,,,,,,,,,,6,,0.2,
Slovenia,2014,58,,,,,,,,,,,,,,,,,,
Slovenia,2015,60,,,,,,,,,,,,,,,,,,
Solomon Islands,2013,,4,52,,,,,,,,,,,,,34,,,
Solomon Islands,2015,,,,,,,,,,,,,,,,,,43.8,
Somalia,2012,8,,,,,,,,,,,,,,,,,,
Somalia,2013,8,,,,,,,,,,,,,,,,,,
Somalia,2014,8,,,,,,,,,,,,,,,,,,
Somalia,2015,8,,,,,,,,,,,,,,,,,,
South Africa,2002,,,,,,,,,,,,,,,34.5,,,,
South Africa,2007,,,,,,,,,,,,,,,,,,4.2,
South Africa,2008,,,,,,,,,,,,,,,,,7.5,,
South Africa,2011,,,,,,,,,,,,,,,,,7.6,,
South Africa,2012,43,,,,,,,,,,,,,,,,,,
South Africa,2013,42,4.4,77,,,,,,,,,,,,,47,,,
South Africa,2014,44,,,,,,,,,,,,,,,,,,
South Africa,2015,44,,,,,,,,,,,,,,,,,,
South Korea,2002,,,,,,,,,,,,,,,0.4,,,,
South Korea,2008,,,,,,,,,,,,,,,,,7.5,,
South Korea,2011,,,,,,,,,,,,,,,,,7.9,,
South Korea,2012,56,,,,,,,,,,,,,,,,,,
South Korea,2013,55,3.6,70,,,,,,,,,,,,,3,,,
South Korea,2014,55,,,,,,,,,,,,,,,,,,
South Korea,2015,56,,,,,,,,,,,,,,,,,,
South Sudan,2013,14,3,51,,,,,,,,,,,,,39,,,
South Sudan,2014,15,,,,,,,,,,,,,,,,,48,
South Sudan,2015,15,,,,,,,,,,,,,,,,,,
Spain,2002,,,,,,,,,,,,,,,12.9,,,,
Spain,2008,,,,,,,,,,,,,,,,,7.9,,
Spain,2011,,,,,,,,,,,,,,,,,8,,
Spain,2012,65,,,,,,,,,,,,,,,,,,
Spain,2013,59,4.5,83,,,,,,,,,,,,,2,,,
Spain,2014,60,,,,,,,,,,,,,,,,,,
Spain,2015,58,,,,,,,,,,,,,,,,,,
Sri Lanka,2002,,,,,,,,,,,,,,,17.4,,,,
Sri Lanka,2011,,,,,,,,,,,,,,,,,,10,
Sri Lanka,2012,40,,,,,,,,,,,,,,,,,,
Sri Lanka,2013,37,3.7,51,,,,,,,,,,,,,19,,,
Sri Lanka,2014,38,,,,,,,,,,,,,,,,,,
Sri Lanka,2015,37,,,,,,,,,,,,,,,,,,
Sudan,2002,,,,,,,,,,,,,,,120.6,,,,
Sudan,2012,13,,,,,,,,,,,,,,,,,,
Sudan,2013,11,2.6,76,,,,,,,,,,,,,17,,,
Sudan,2014,11,,,,,,,,,,,,,,,,,17.6,
Sudan,2015,12,,,,,,,,,,,,,,,,,,
Suriname,2010,,,,,,,,,,,,,,,,,,4.9,
Suriname,2012,37,,,,,,,,,,,,,,,,,,
Suriname,2013,36,,,,,,,,,,,,,,,,,,
Suriname,2014,36,,,,,,,,,,,,,,,,,,
Suriname,2015,36,,,,,,,,,,,,,,,,,,
Swaziland,2002,,,,,,,,,,,,,,,4.4,,,,
Swaziland,2006,,,,,,,,,,,,,,,,,,5.7,
Swaziland,2012,37,,,,,,,,,,,,,,,,,,
Swaziland,2013,39,,,,,,,,,,,,,,,,,,
Swaziland,2014,43,,,,,,,,,,,,,,,,,,
Sweden,2002,,,,,,,,,,,,,,,0,,,,
Sweden,2012,88,,,,,,,,,,,,,,,,,,
Sweden,2013,89,,,,,,,,,,,,,,,,,,
Sweden,2014,87,,,,,,,,,,,,,,,,,1.9,
Sweden,2015,89,,,,,,,,,,,,,,,,,,
Switzerland,2002,,,,,,,,,,,,,,,0.1,,,,
Switzerland,2008,,,,,,,,,,,,,,,,,8.7,,
Switzerland,2011,,,,,,,,,,,,,,,,,8.8,,
Switzerland,2012,86,,,,,,,,,,,,,,,,,,
Switzerland,2013,85,2.7,43,,,,,,,,,,,,,7,,,
Switzerland,2014,86,,,,,,,,,,,,,,,,,,
Switzerland,2015,86,,,,,,,,,,,,,,,,,,
Syria,2002,,,,,,,,,,,,,,,53.3,,,,
Syria,2009,,,,,,,,,,,,,,,,,,69.6,
Syria,2012,26,,,,,,,,,,,,,,,,,,
Syria,2013,17,,,,,,,,,,,,,,,,,,
Syria,2014,20,,,,,,,,,,,,,,,,,,
Syria,2015,18,,,,,,,,,,,,,,,,,,
Taiwan,2008,,,,,,,,,,,,,,,,,7.5,,
Taiwan,2011,,,,,,,,,,,,,,,,,7.5,,
Taiwan,2012,61,,,,,,,,,,,,,,,,,,
Taiwan,2013,61,3.9,74,,,,,,,,,,,,,36,,,
Taiwan,2014,61,,,,,,,,,,,,,,,,,,
Taiwan,2015,62,,,,,,,,,,,,,,,,,,
Tajikistan,2002,,,,,,,,,,,,,,,4.4,,,,
Tajikistan,2012,22,,,,,,,,,,,,,,,,,,
Tajikistan,2013,22,,,,,,,,,,,,,,,,,36.3,
Tajikistan,2014,23,,,,,,,,,,,,,,,,,,
Tajikistan,2015,26,,,,,,,,,,,,,,,,,,
Tanzania,2002,,,,,,,,,,,,,,,8.4,,,,
Tanzania,2012,35,,,,,,,,,,,,,,,,,,
Tanzania,2013,33,4.4,68,,,,,,,,,,,,,56,,20.8,
Tanzania,2014,31,,,,,,,,,,,,,,,,,,
Tanzania,2015,30,,,,,,,,,,,,,,,,,,
Thailand,2002,,,,,,,,,,,,,,,24.8,,,,
Thailand,2012,37,,,,,,,,,,,,,,,,,,
Thailand,2013,35,4.1,68,,,,,,,,,,,,,18,,,
Thailand,2014,38,,,,,,,,,,,,,,,,,,
Thailand,2015,38,,,,,,,,,,,,,,,,,,
Thailand,2016,,,,,,,,,,,,,,,,,,9.9,
Timor,2012,33,,,,,,,,,,,,,,,,,,
Timor,2013,30,,,,,,,,,,,,,,,,,,
Timor,2014,28,,,,,,,,,,,,,,,,,,
Timor,2015,28,,,,,,,,,,,,,,,,,44.2,
Togo,2002,,,,,,,,,,,,,,,10,,,,
Togo,2009,,,,,,,,,,,,,,,,,,19.1,
Togo,2012,30,,,,,,,,,,,,,,,,,,
Togo,2013,29,,,,,,,,,,,,,,,,,,
Togo,2014,29,,,,,,,,,,,,,,,,,,
Togo,2015,32,,,,,,,,,,,,,,,,,,
Tonga,2009,,,,,,,,,,,,,,,,,,24.9,
Trinidad and Tobago,2002,,,,,,,,,,,,,,,1.4,,,,
Trinidad and Tobago,2010,,,,,,,,,,,,,,,,,,10.5,
Trinidad and Tobago,2012,39,,,,,,,,,,,,,,,,,,
Trinidad and Tobago,2013,38,,,,,,,,,,,,,,,,,,
Trinidad and Tobago,2014,38,,,,,,,,,,,,,,,,,,
Trinidad and Tobago,2015,39,,,,,,,,,,,,,,,,,,
Tunisia,2002,,,,,,,,,,,,,,,16.7,,,,
Tunisia,2012,41,,,,,,,,,,,,,,,,,,
Tunisia,2013,41,4.4,66,,,,,,,,,,,,,18,,10.3,
Tunisia,2014,40,,,,,,,,,,,,,,,,,,
Tunisia,2015,38,,,,,,,,,,,,,,,,,,
Turkey,2002,,,,,,,,,,,,,,,0,,,,
Turkey,2012,49,,,,,,,,,,,,,,,,,,
Turkey,2013,50,4,66,,,,,,,,,,,,,21,,5.4,
Turkey,2014,45,,,,,,,,,,,,,,,,,,
Turkey,2015,42,,,,,,,,,,,,,,,,,,
Turkmenistan,2002,,,,,,,,,,,,,,,5.9,,,,
Turkmenistan,2012,17,,,,,,,,,,,,,,,,,,
Turkmenistan,2013,17,,,,,,,,,,,,,,,,,,
Turkmenistan,2014,17,,,,,,,,,,,,,,,,,,
Turkmenistan,2015,18,,,,,,,,,,,,,,,,,,
Uganda,2002,,,,,,,,,,,,,,,3.5,,,,
Uganda,2012,29,,,,,,,,,,,,,,,,,,
Uganda,2013,26,4.5,57,,,,,,,,,,,,,61,,22,
Uganda,2014,26,,,,,,,,,,,,,,,,,,
Uganda,2015,25,,,,,,,,,,,,,,,,,,
Ukraine,2002,,,,,,,,,,,,,,,13.1,,,,
Ukraine,2012,26,,,,,,,,,,,,,,,,,,
Ukraine,2013,25,4.6,74,,,,,,,,,,,,,37,,50.4,
Ukraine,2014,26,,,,,,,,,,,,,,,,,,
Ukraine,2015,27,,,,,,,,,,,,,,,,,,
United Arab Emirates,2002,,,,,,,,,,,,,,,0,,,,
United Arab Emirates,2012,68,,,,,,,,,,,,,,,,,,
United Arab Emirates,2013,69,,,,,,,,,,,,,,,,,,
United Arab Emirates,2014,70,,,,,,,,,,,,,,,,,,
United Arab Emirates,2015,70,,,,,,,,,,,,,,,,,,
United Kingdom,2002,,,,,,,,,,,,,,,0,,,,
United Kingdom,2008,,,,,,,,,,,,,,,,,8.6,,
United Kingdom,2011,,,,,,,,,,,,,,,,,8.3,,
United Kingdom,2012,74,,,,,,,,,,,,,,,,,,
United Kingdom,2013,76,3.7,66,,,,,,,,,,,,,5,,,
United Kingdom,2014,78,,,,,,,,,,,,,,,,,,
United Kingdom,2015,81,,,,,,,,,,,,,,,,,,
United States,2008,,,,,,,,,,,,,,,,,8.1,,
United States,2011,,,,,,,,,,,,,,,,,8.1,,
United States,2012,73,,,,,,,,,,,,,,,,,,
United States,2013,73,4,76,,,,,,,,,,,,,7,,,
United States,2014,74,,,,,,,,,,,,,,,,,,
United States,2015,76,,,,,,,,,,,,,,,,,,
Uruguay,2002,,,,,,,,,,,,,,,4.5,,,,
Uruguay,2010,,,,,,,,,,,,,,,,,,2.2,
Uruguay,2012,72,,,,,,,,,,,,,,,,,,
Uruguay,2013,73,3.8,48,,,,,,,,,,,,,3,,,
Uruguay,2014,73,,,,,,,,,,,,,,,,,,
Uruguay,2015,74,,,,,,,,,,,,,,,,,,
Uzbekistan,2002,,,,,,,,,,,,,,,8.9,,,,
Uzbekistan,2012,17,,,,,,,,,,,,,,,,,,
Uzbekistan,2013,17,,,,,,,,,,,,,,,,,7,
Uzbekistan,2014,18,,,,,,,,,,,,,,,,,,
Uzbekistan,2015,19,,,,,,,,,,,,,,,,,,
Vanuatu,2009,,,,,,,,,,,,,,,,,,11.9,
Vanuatu,2013,,4.4,82,,,,,,,,,,,,,13,,,
Venezuela,2002,,,,,,,,,,,,,,,9.2,,,,
Venezuela,2010,,,,,,,,,,,,,,,,,,10.3,
Venezuela,2012,19,,,,,,,,,,,,,,,,,,
Venezuela,2013,20,4.6,77,,,,,,,,,,,,,27,,,
Venezuela,2014,19,,,,,,,,,,,,,,,,,,
Venezuela,2015,17,,,,,,,,,,,,,,,,,,
Vietnam,2002,,,,,,,,,,,,,,,10,,,,
Vietnam,2012,31,,,,,,,,,,,,,,,,,,
Vietnam,2013,31,3.7,27,,,,,,,,,,,,,30,,,
Vietnam,2014,31,,,,,,,,,,,,,,,,,,
Vietnam,2015,31,,,,,,,,,,,,,,,,,26.1,
Yemen,2002,,,,,,,,,,,,,,,9.2,,,,
Yemen,2012,23,,,,,,,,,,,,,,,,,,
Yemen,2013,18,3.1,78,,,,,,,,,,,,,74,,64.3,
Yemen,2014,19,,,,,,,,,,,,,,,,,,
Yemen,2015,18,,,,,,,,,,,,,,,,,,
Zambia,2002,,,,,,,,,,,,,,,61.2,,,,
Zambia,2012,37,,,,,,,,,,,,,,,,,,
Zambia,2013,38,4.6,70,,,,,,,,,,,,,,,15.8,
Zambia,2014,38,,,,,,,,,,,,,,,,,,
Zambia,2015,38,,,,,,,,,,,,,,,,,,
Zimbabwe,2002,,,,,,,,,,,,,,,46.2,,,,
Zimbabwe,2011,,,,,,,,,,,,,,,,,,16.2,
Zimbabwe,2012,20,,,,,,,,,,,,,,,,,,
Zimbabwe,2013,21,4.7,74,,,,,,,,,,,,,62,,,
Zimbabwe,2014,21,,,,,,,,,,,,,,,,,,
Zimbabwe,2015,21,,,,,,,,,,,,,,,,,,
