Entity,Year,Cadmium (BGS (2016)),Cobalt (BGS (2016)),Diamond (BGS (2016)),Graphite (BGS (2016)),Lithium (BGS (2016)),Mercury (BGS (2016)),Platinum (BGS (2016)),Uranium (BGS (2016)),Silicon (BGS (2016))
Angola,1970,,,2396000,,,,,,
Angola,1971,,,2413021,,,,,,
Angola,1972,,,2155057,,,,,,
Angola,1973,,,2124720,,,,,,
Angola,1974,,,1959272,,,,,,
Angola,1975,,,991000,,,,,,
Angola,1976,,,340000,,,,,,
Angola,1977,,,353000,,,,,,
Angola,1978,,,650000,,,,,,
Angola,1979,,,840000,,,,,,
Angola,1980,,,1485100,,,,,,
Angola,1981,,,1400481,,,,,,
Angola,1982,,,1221150,,,,,,
Angola,1983,,,1006520,,,,,,
Angola,1984,,,923669,,,,,,
Angola,1985,,,717028,,,,,,
Angola,1986,,,266184,,,,,,
Angola,1987,,,871391,,,,,,
Angola,1988,,,1044551,,,,,,
Angola,1989,,,1320000,,,,,,
Angola,1990,,,1280000,,,,,,
Angola,1991,,,960559,,,,,,
Angola,1992,,,1395379,,,,,,
Angola,1993,,,146787,,,,,,
Angola,1994,,,303867,,,,,,
Angola,1995,,,671394,,,,,,
Angola,1996,,,2500000,,,,,,
Angola,1997,,,1314182,,,,,,
Angola,1998,,,2764858,,,,,,
Angola,1999,,,3572200,,,,,,
Angola,2000,,,4014000,,,,,,
Angola,2001,,,5100000,,,,,,
Angola,2002,,,5700000,,,,,,
Angola,2003,,,6300000,,,,,,
Angola,2004,,,6146361,,,,,,
Angola,2005,,,7079121,,,,,,
Angola,2006,,,9175061,,,,,,
Angola,2007,,,9701709,,,,,,
Angola,2008,,,8906974,,,,,,
Angola,2009,,,13827609,,,,,,
Angola,2010,,,8362139,,,,,,
Angola,2011,,,8328519,,,,,,
Angola,2012,,,8330096,,,,,,
Angola,2013,,,8598695,,,,,,
Angola,2014,,,8791340,,,,,,
Angola,2015,,,9016343,,,,,,
Argentina,1970,,,,,,,,42,
Argentina,1971,,,,,,,,42,
Argentina,1972,,,,,,,,38,
Argentina,1973,,,,,,,,39,
Argentina,1974,,,,,,,,32,
Argentina,1975,,,,,,,,32,
Argentina,1976,,,,,,,,174,
Argentina,1977,,,,,,,,185,
Argentina,1978,,,,,,,,143,
Argentina,1979,,,,,,,,745,
Argentina,1980,,,,,,,,242,
Argentina,1981,,,,,,,,187,
Argentina,1982,,,,,,,,572,
Argentina,1983,,,,,,,,172,
Argentina,1984,,,,,,,,129,
Argentina,1985,,,,,,,,126,
Argentina,1986,,,,,,,,173,
Argentina,1987,,,,,,,,95,
Argentina,1988,,,,,,,,142,
Argentina,1989,,,,,,,,52,
Argentina,1990,,,,,,,,9,
Argentina,1991,,,,,,,,18,
Argentina,1992,,,,,,,,124,
Argentina,1993,,,,,,,,126,
Argentina,1994,,,,,,,,80,
Argentina,1995,,,,,,,,58,
Argentina,1996,,,,,,,,23,
Argentina,1997,,,,,,,,35,
Argentina,1998,,,,,,,,8,
Argentina,1999,,,,,,,,8,
Armenia,2001,,,186000,,,,,,
Australia,1976,,,,,,,,359,
Australia,1977,,,,,,,,356,
Australia,1978,,,,,,,,516,
Australia,1979,,,0,,,,,706,
Australia,1980,,,0,,,,,1561,
Australia,1981,,,0,,,,,2922,
Australia,1982,,,457000,,,,,4422,
Australia,1983,,,6200227,,,,,3211,
Australia,1984,,,5692193,,,,,4324,
Australia,1985,,,7070062,,,,,3206,
Australia,1986,,,29232453,,,,,4154,
Australia,1987,,,30331701,,,,,3780,
Australia,1988,,,35221000,,,,,3532,
Australia,1989,,,35079000,,,,,3800,
Australia,1990,,,34662000,,,,,3530,
Australia,1991,,,35956000,,,,,3776,
Australia,1992,,,40172000,,,,,2334,
Australia,1993,,,41883000,,,,,2256,
Australia,1994,,,43789000,,,,,2208,
Australia,1995,,,40692000,,,,,3712,
Australia,1996,,,41993000,,,,,4976,
Australia,1997,,,40175000,,,,,5490,
Australia,1998,,,40843000,,,,,4901,
Australia,1999,,,29784000,,,,,5997,
Australia,2000,,,26647000,,,,,7588,
Australia,2001,,,26176000,,,,,7652,
Australia,2002,,,33648000,,,,,7146,
Australia,2003,,,31013000,,,,,7633,
Australia,2004,,,20620000,,,,,9010,
Australia,2005,,,30678000,,,,,9516,
Australia,2006,,,29308000,,,,,7606,
Australia,2007,,,19231000,,,,,8603,
Australia,2008,,,15670000,,,,,8471,
Australia,2009,,,10795000,,,,,7942,
Australia,2010,,,9998000,,,,,5971,
Australia,2011,,,7561487,,,,,5961,
Australia,2012,,,8625996,,,,,7022,
Australia,2013,,,11481749,,,,,6370,
Australia,2014,,,9288118,,,,,5634,
Australia,2015,,,13560795,,,,,5655,
Belgium,1980,,,,,,,,20,
Belgium,1981,,,,,,,,41,
Belgium,1982,,,,,,,,44,
Belgium,1983,,,,,,,,43,
Belgium,1984,,,,,,,,50,
Belgium,1985,,,,,,,,44,
Belgium,1986,,,,,,,,50,
Belgium,1987,,,,,,,,54,
Botswana,1970,,,463595,,,,,,
Botswana,1971,,,871765,,,,,,
Botswana,1972,,,2402936,,,,,,
Botswana,1973,,,2416460,,,,,,
Botswana,1974,,,2718000,,,,,,
Botswana,1975,,,2413839,,,,,,
Botswana,1976,,,2361000,,,,,,
Botswana,1977,,,2691000,,,,,,
Botswana,1978,,,2799000,,,,,,
Botswana,1979,,,4369000,,,,,,
Botswana,1980,,,5146000,,,,,,
Botswana,1981,,,4960000,,,,,,
Botswana,1982,,,7562000,,,,,,
Botswana,1983,,,10897000,,,,,,
Botswana,1984,,,12904000,,,,,,
Botswana,1985,,,12608000,,,,,,
Botswana,1986,,,13138000,,,,,,
Botswana,1987,,,13225344,,,,,,
Botswana,1988,,,15229000,,,,,,
Botswana,1989,,,15252000,,,,,,
Botswana,1990,,,17351000,,,,,,
Botswana,1991,,,16506000,,,,,,
Botswana,1992,,,15946000,,,,,,
Botswana,1993,,,14730000,,,,,,
Botswana,1994,,,15550000,,,,,,
Botswana,1995,,,16802438,,,,,,
Botswana,1996,,,17707000,,,,,,
Botswana,1997,,,20111000,,,,,,
Botswana,1998,,,19639000,,,,,,
Botswana,1999,,,21263000,,,,,,
Botswana,2000,,,24635000,,,,,,
Botswana,2001,,,26190000,,,,,,
Botswana,2002,,,28368000,,,,,,
Botswana,2003,,,30412155,,,,,,
Botswana,2004,,,31125000,,,,,,
Botswana,2005,,,31889771,,,,,,
Botswana,2006,,,34293401,,,,,,
Botswana,2007,,,33639000,,,,,,
Botswana,2008,,,32595000,,,,,,
Botswana,2009,,,17734000,,,,,,
Botswana,2010,,,22019000,,,,,,
Botswana,2011,,,22903000,,,,,,
Botswana,2012,,,20478000,,,,,,
Botswana,2013,,,22597000,,,,,,
Botswana,2014,,,24658000,,,,,,
Botswana,2015,,,20824000,,,,,,
Brazil,1970,,,73000,,,,,,
Brazil,1971,,,92000,,,,,,
Brazil,1972,,,99087,,,,,,
Brazil,1973,,,112751,,,,,,
Brazil,1974,,,254032,,,,,,
Brazil,1975,,,261641,,,,,,
Brazil,1976,,,261000,,,,,,
Brazil,1977,,,320000,,,,,,
Brazil,1978,,,500000,,,,,,
Brazil,1979,,,500000,,,,,,
Brazil,1980,,,666832,,,,,,
Brazil,1981,,,1089313,,,,,5,
Brazil,1982,,,529760,,,,,243,
Brazil,1983,,,311589,,,,,194,
Brazil,1984,,,800927,,,,,117,
Brazil,1985,,,450000,,,,,72,
Brazil,1986,,,625000,,,,,26,
Brazil,1987,,,522437,,,,,104,
Brazil,1988,,,544588,,,,,15,
Brazil,1989,,,500141,,,,,30,
Brazil,1990,,,1542241,,,,,5,
Brazil,1991,,,1546800,,,,,0,
Brazil,1992,,,1285402,,,,,0,
Brazil,1993,,,1000000,,,,,50,
Brazil,1994,,,300000,,,,,50,
Brazil,1995,,,676269,,,,,125,
Brazil,1996,,,200000,,,,,,
Brazil,1997,,,100000,,,,,,
Brazil,1998,,,100349,,,,,,
Brazil,1999,,,900000,,,,,0,
Brazil,2000,,,1000000,,,,,50,
Brazil,2001,,,700000,,,,,58,
Brazil,2002,,,500000,,,,,270,
Brazil,2003,,,400000,,,,,310,
Brazil,2004,,,300000,,,,,300,
Brazil,2005,,,207836,,,,,110,
Brazil,2006,,,181350,,,,,190,
Brazil,2007,,,182031,,,,,299,
Brazil,2008,,,80226,,,,,330,
Brazil,2009,,,21153,,,,,345,
Brazil,2010,,,25394,,,,,148,
Brazil,2011,,,45536,,,,,265,
Brazil,2012,,,46292,,,,,231,
Brazil,2013,,,49166,,,,,192,
Brazil,2014,,,56923,,,,,231,
Brazil,2015,,,31826,,,,,40,
Cameroon,2001,,,4800,,,,,,
Cameroon,2002,,,5000,,,,,,
Cameroon,2003,,,5500,,,,,,
Cameroon,2004,,,12000,,,,,,
Cameroon,2005,,,12000,,,,,,
Cameroon,2006,,,12000,,,,,,
Cameroon,2007,,,12000,,,,,,
Cameroon,2008,,,12000,,,,,,
Cameroon,2009,,,8000,,,,,,
Cameroon,2010,,,6000,,,,,,
Cameroon,2011,,,6000,,,,,,
Cameroon,2012,,,5000,,,,,,
Cameroon,2013,,,5000,,,,,,
Cameroon,2014,,,6000,,,,,,
Cameroon,2015,,,5000,,,,,,
Canada,1970,,,,,,,,3157,
Canada,1971,,,,,,,,3160,
Canada,1972,,,,,,,,3755,
Canada,1973,,,,,,,,3661,
Canada,1974,,,,,,,,3689,
Canada,1975,,,,,,,,4679,
Canada,1976,,,,,,,,5438,
Canada,1977,,,,,,,,5787,
Canada,1978,,,,,,,,6800,
Canada,1979,,,,,,,,6530,
Canada,1980,,,,,,,,6739,
Canada,1981,,,,,,,,7507,
Canada,1982,,,,,,,,7643,
Canada,1983,,,,,,,,6823,
Canada,1984,,,,,,,,10272,
Canada,1985,,,,,,,,10866,
Canada,1986,,,,,,,,11722,
Canada,1987,,,,,,,,12437,
Canada,1988,,,,,,,,12461,
Canada,1989,,,,,,,,11427,
Canada,1990,,,,,,,,8770,
Canada,1991,,,,,,,,8161,
Canada,1992,,,,,,,,9298,
Canada,1993,,,,,,,,9154,
Canada,1994,,,0,,,,,9644,
Canada,1995,,,0,,,,,10462,
Canada,1996,,,0,,,,,11689,
Canada,1997,,,0,,,,,12020,
Canada,1998,,,300006,,,,,10936,
Canada,1999,,,2492807,,,,,8214,
Canada,2000,,,2533750,,,,,10683,
Canada,2001,,,3685173,,,,,12487,
Canada,2002,,,4975021,,,,,11607,
Canada,2003,,,10755654,,,,,10456,
Canada,2004,,,12618080,,,,,11599,
Canada,2005,,,12314000,,,,,11627,
Canada,2006,,,13233813,,,,,9862,
Canada,2007,,,17007850,,,,,9475,
Canada,2008,,,14802699,,,,,9001,
Canada,2009,,,10946098,,,,,10176,
Canada,2010,,,11773000,,,,,9518,
Canada,2011,,,10795000,,,,,9145,
Canada,2012,,,10529215,,,,,8998,
Canada,2013,,,10561600,,,,,9331,
Canada,2014,,,12082000,,,,,9101,
Canada,2015,,,11600000,,,,,13324,
Central African Republic,1970,,,482447,,,,,,
Central African Republic,1971,,,468138,,,,,,
Central African Republic,1972,,,524102,,,,,,
Central African Republic,1973,,,380100,,,,,,
Central African Republic,1974,,,337800,,,,,,
Central African Republic,1975,,,338894,,,,,,
Central African Republic,1976,,,286007,,,,,,
Central African Republic,1977,,,296908,,,,,,
Central African Republic,1978,,,284246,,,,,,
Central African Republic,1979,,,314067,,,,,,
Central African Republic,1980,,,342000,,,,,,
Central African Republic,1981,,,311903,,,,,,
Central African Republic,1982,,,276573,,,,,,
Central African Republic,1983,,,295357,,,,,,
Central African Republic,1984,,,337150,,,,,,
Central African Republic,1985,,,353481,,,,,,
Central African Republic,1986,,,356707,,,,,,
Central African Republic,1987,,,413087,,,,,,
Central African Republic,1988,,,359752,,,,,,
Central African Republic,1989,,,447676,,,,,,
Central African Republic,1990,,,418667,,,,,,
Central African Republic,1991,,,429734,,,,,,
Central African Republic,1992,,,414277,,,,,,
Central African Republic,1993,,,494922,,,,,,
Central African Republic,1994,,,531926,,,,,,
Central African Republic,1995,,,477698,,,,,,
Central African Republic,1996,,,487360,,,,,,
Central African Republic,1997,,,486787,,,,,,
Central African Republic,1998,,,419967,,,,,,
Central African Republic,1999,,,430126,,,,,,
Central African Republic,2000,,,461004,,,,,,
Central African Republic,2001,,,550000,,,,,,
Central African Republic,2002,,,414767,,,,,,
Central African Republic,2003,,,331543,,,,,,
Central African Republic,2004,,,354703,,,,,,
Central African Republic,2005,,,382756,,,,,,
Central African Republic,2006,,,419528,,,,,,
Central African Republic,2007,,,467711,,,,,,
Central African Republic,2008,,,372754,,,,,,
Central African Republic,2009,,,310469,,,,,,
Central African Republic,2010,,,301558,,,,,,
Central African Republic,2011,,,323576,,,,,,
Central African Republic,2012,,,365917,,,,,,
China,1980,,,900000,,,,,,
China,1981,,,950000,,,,,,
China,1982,,,1000000,,,,,,
China,1983,,,1000000,,,,,,
China,1984,,,1000000,,,,,,
China,1985,,,1000000,,,,,,
China,1986,,,1000000,,,,,,
China,1987,,,1000000,,,,,,
China,1988,,,1000000,,,,,344,
China,1989,,,1000000,,,,,800,
China,1990,,,1000000,,,,,800,
China,1991,,,1000000,,,,,800,
China,1992,,,115255,,,,,955,
China,1993,,,118300,,,,,780,
China,1994,,,141940,,,,,780,
China,1995,,,365085,,,,,500,
China,1996,,,118380,,,,,500,
China,1997,,,120385,,,,,500,
China,1998,,,112825,,,,,500,
China,1999,,,113065,,,,,500,
China,2000,,,160000,,,,,500,
China,2001,,,1185000,,,,,665,
China,2002,,,1190000,,,,,730,
China,2003,,,1190000,,,,,750,
China,2004,,,1060000,,,,,750,
China,2005,,,1060000,,,,,750,
China,2006,,,1065000,,,,,750,
China,2007,,,1070000,,,,,712,
China,2008,,,69480,,,,,769,
China,2009,,,45932,,,,,750,
China,2010,,,17227,,,,,827,
China,2011,,,201,,,,,885,
China,2012,,,1855,,,,,1500,
China,2013,,,1050,,,,,1500,
China,2014,,,0,,,,,1500,
China,2015,,,0,,,,,1616,
Congo,2007,,,22000,,,,,,
Congo,2008,,,110000,,,,,,
Congo,2009,,,68000,,,,,,
Congo,2010,,,381242,,,,,,
Congo,2011,,,76548,,,,,,
Congo,2012,,,51588,,,,,,
Congo,2013,,,56495,,,,,,
Congo,2014,,,53163,,,,,,
Congo,2015,,,40057,,,,,,
Cote d'Ivoire,1970,,,212808,,,,,,
Cote d'Ivoire,1971,,,326368,,,,,,
Cote d'Ivoire,1972,,,333541,,,,,,
Cote d'Ivoire,1973,,,299916,,,,,,
Cote d'Ivoire,1974,,,278533,,,,,,
Cote d'Ivoire,1975,,,209023,,,,,,
Cote d'Ivoire,1976,,,60000,,,,,,
Cote d'Ivoire,1977,,,39000,,,,,,
Cote d'Ivoire,1978,,,45000,,,,,,
Cote d'Ivoire,1979,,,48000,,,,,,
Cote d'Ivoire,1985,,,5000,,,,,,
Cote d'Ivoire,1986,,,13581,,,,,,
Cote d'Ivoire,1987,,,67365,,,,,,
Cote d'Ivoire,1988,,,116543,,,,,,
Cote d'Ivoire,1989,,,11689,,,,,,
Cote d'Ivoire,1990,,,12000,,,,,,
Cote d'Ivoire,1991,,,15000,,,,,,
Cote d'Ivoire,1992,,,15000,,,,,,
Cote d'Ivoire,1993,,,15000,,,,,,
Cote d'Ivoire,1994,,,84400,,,,,,
Cote d'Ivoire,1995,,,75300,,,,,,
Cote d'Ivoire,1996,,,301591,,,,,,
Cote d'Ivoire,1997,,,306665,,,,,,
Cote d'Ivoire,1998,,,310000,,,,,,
Cote d'Ivoire,1999,,,398282,,,,,,
Cote d'Ivoire,2000,,,320208,,,,,,
Cote d'Ivoire,2001,,,309000,,,,,,
Cote d'Ivoire,2002,,,306000,,,,,,
Cote d'Ivoire,2003,,,230000,,,,,,
Cote d'Ivoire,2004,,,300000,,,,,,
Cote d'Ivoire,2005,,,0,,,,,,
Cote d'Ivoire,2006,,,0,,,,,,
Cote d'Ivoire,2010,,,0,,,,,,
Cote d'Ivoire,2011,,,0,,,,,,
Cote d'Ivoire,2012,,,0,,,,,,
Cote d'Ivoire,2013,,,0,,,,,,
Cote d'Ivoire,2014,,,1074,,,,,,
Cote d'Ivoire,2015,,,14925,,,,,,
Czech Republic,1992,,,,,,,,0,
Czech Republic,1993,,,,,,,,1018,
Czech Republic,1994,,,,,,,,537,
Czech Republic,1995,,,,,,,,611,
Czech Republic,1996,,,,,,,,589,
Czech Republic,1997,,,,,,,,624,
Czech Republic,1998,,,,,,,,611,
Czech Republic,1999,,,,,,,,605,
Czech Republic,2000,,,,,,,,498,
Czech Republic,2001,,,,,,,,490,
Czech Republic,2002,,,,,,,,477,
Czech Republic,2003,,,,,,,,458,
Czech Republic,2004,,,,,,,,435,
Czech Republic,2005,,,,,,,,420,
Czech Republic,2006,,,,,,,,383,
Czech Republic,2007,,,,,,,,322,
Czech Republic,2008,,,,,,,,290,
Czech Republic,2009,,,,,,,,286,
Czech Republic,2010,,,,,,,,259,
Czech Republic,2011,,,,,,,,252,
Czech Republic,2012,,,,,,,,222,
Czech Republic,2013,,,,,,,,232,
Czech Republic,2014,,,,,,,,165,
Czech Republic,2015,,,,,,,,134,
Czechoslovakia,1990,,,,,,,,2142,
Czechoslovakia,1991,,,,,,,,1778,
Czechoslovakia,1992,,,,,,,,1539,
Democratic Republic of Congo,1970,,,12438000,,,,,,
Democratic Republic of Congo,1971,,,11469000,,,,,,
Democratic Republic of Congo,1972,,,13389829,,,,,,
Democratic Republic of Congo,1973,,,12389840,,,,,,
Democratic Republic of Congo,1974,,,13596935,,,,,,
Democratic Republic of Congo,1975,,,12810319,,,,,,
Democratic Republic of Congo,1976,,,11821000,,,,,,
Democratic Republic of Congo,1977,,,11215000,,,,,,
Democratic Republic of Congo,1978,,,11245000,,,,,,
Democratic Republic of Congo,1979,,,8734000,,,,,,
Democratic Republic of Congo,1980,,,10334000,,,,,,
Democratic Republic of Congo,1981,,,7161000,,,,,,
Democratic Republic of Congo,1982,,,6164000,,,,,,
Democratic Republic of Congo,1983,,,11982000,,,,,,
Democratic Republic of Congo,1984,,,18459000,,,,,,
Democratic Republic of Congo,1985,,,19975000,,,,,,
Democratic Republic of Congo,1986,,,23233000,,,,,,
Democratic Republic of Congo,1987,,,19650310,,,,,,
Democratic Republic of Congo,1988,,,18162555,,,,,,
Democratic Republic of Congo,1989,,,17652206,,,,,,
Democratic Republic of Congo,1990,,,19427551,,,,,,
Democratic Republic of Congo,1991,,,18300000,,,,,,
Democratic Republic of Congo,1992,,,13501450,,,,,,
Democratic Republic of Congo,1993,,,15626000,,,,,,
Democratic Republic of Congo,1994,,,16259000,,,,,,
Democratic Republic of Congo,1995,,,22024000,,,,,,
Democratic Republic of Congo,1996,,,22240000,,,,,,
Democratic Republic of Congo,1997,,,20977000,,,,,,
Democratic Republic of Congo,1998,,,21362000,,,,,,
Democratic Republic of Congo,1999,,,22000000,,,,,,
Democratic Republic of Congo,2000,,,16500000,,,,,,
Democratic Republic of Congo,2001,,,18198000,,,,,,
Democratic Republic of Congo,2002,,,22503000,,,,,,
Democratic Republic of Congo,2003,,,26981000,,,,,,
Democratic Republic of Congo,2004,,,29503000,,,,,,
Democratic Republic of Congo,2005,,,33054998,,,,,,
Democratic Republic of Congo,2006,,,28990241,,,,,,
Democratic Republic of Congo,2007,,,28452496,,,,,,
Democratic Republic of Congo,2008,,,33401928,,,,,,
Democratic Republic of Congo,2009,,,21298459,,,,,,
Democratic Republic of Congo,2010,,,16964000,,,,,,
Democratic Republic of Congo,2011,,,19249057,,,,,,
Democratic Republic of Congo,2012,,,19154000,,,,,,
Democratic Republic of Congo,2013,,,16653000,,,,,,
Democratic Republic of Congo,2014,,,14689000,,,,,,
Democratic Republic of Congo,2015,,,14284000,,,,,,
France,1970,,,,,,,,1295,
France,1971,,,,,,,,1280,
France,1972,,,,,,,,1427,
France,1973,,,,,,,,1578,
France,1974,,,,,,,,1716,
France,1975,,,,,,,,1730,
France,1976,,,,,,,,1871,
France,1977,,,,,,,,2048,
France,1978,,,,,,,,2911,
France,1979,,,,,,,,3332,
France,1980,,,,,,,,2845,
France,1981,,,,,,,,2554,
France,1982,,,,,,,,2872,
France,1983,,,,,,,,3132,
France,1984,,,,,,,,3117,
France,1985,,,,,,,,3248,
France,1986,,,,,,,,3237,
France,1987,,,,,,,,3376,
France,1988,,,,,,,,3370,
France,1989,,,,,,,,3334,
France,1990,,,,,,,,2935,
France,1991,,,,,,,,2479,
France,1992,,,,,,,,2880,
France,1993,,,,,,,,1708,
France,1994,,,,,,,,1027,
France,1995,,,,,,,,981,
France,1996,,,,,,,,930,
France,1997,,,,,,,,748,
France,1998,,,,,,,,508,
France,1999,,,,,,,,438,
France,2000,,,,,,,,319,
France,2001,,,,,,,,194,
France,2002,,,,,,,,12,
Gabon,1970,,,,,,,,377,
Gabon,1971,,,,,,,,446,
Gabon,1972,,,,,,,,444,
Gabon,1973,,,,,,,,650,
Gabon,1974,,,,,,,,770,
Gabon,1975,,,,,,,,930,
Gabon,1976,,,,,,,,965,
Gabon,1977,,,,,,,,907,
Gabon,1978,,,,,,,,1022,
Gabon,1979,,,,,,,,1100,
Gabon,1980,,,,,,,,1034,
Gabon,1981,,,,,,,,1023,
Gabon,1982,,,,,,,,970,
Gabon,1983,,,,,,,,1009,
Gabon,1984,,,,,,,,918,
Gabon,1985,,,,,,,,939,
Gabon,1986,,,,,,,,917,
Gabon,1987,,,,,,,,794,
Gabon,1988,,,,,,,,930,
Gabon,1989,,,,,,,,890,
Gabon,1990,,,,,,,,709,
Gabon,1991,,,,,,,,678,
Gabon,1992,,,,,,,,594,
Gabon,1993,,,,,,,,509,
Gabon,1994,,,,,,,,589,
Gabon,1995,,,,,,,,630,
Gabon,1996,,,,,,,,560,
Gabon,1997,,,,,,,,472,
Gabon,1998,,,,,,,,731,
Gabon,1999,,,,,,,,294,
Germany,1975,,,,,,,,57,
Germany,1976,,,,,,,,38,
Germany,1977,,,,,,,,15,
Germany,1978,,,,,,,,41,
Germany,1979,,,,,,,,29,
Germany,1980,,,,,,,,41,
Germany,1981,,,,,,,,36,
Germany,1982,,,,,,,,34,
Germany,1983,,,,,,,,48,
Germany,1984,,,,,,,,33,
Germany,1985,,,,,,,,31,
Germany,1986,,,,,,,,22,
Germany,1987,,,,,,,,0,
Germany,1988,,,,,,,,0,
Germany,1989,,,,,,,,0,
Germany,1990,,,,,,,,0,
Germany,1991,,,,,,,,1207,
Germany,1992,,,,,,,,232,
Germany,1993,,,,,,,,116,
Germany,1997,,,,,,,,27,
Germany,1998,,,,,,,,25,
Germany,1999,,,,,,,,25,
Germany,2000,,,,,,,,28,
Germany,2001,,,,,,,,27,
Germany,2002,,,,,,,,221,
Germany,2003,,,,,,,,104,
Germany,2004,,,,,,,,77,
Germany,2005,,,,,,,,80,
Germany,2006,,,,,,,,65,
Germany,2007,,,,,,,,41,
Germany,2008,,,,,,,,0,
Germany,2009,,,,,,,,0,
Germany,2010,,,,,,,,8,
Germany,2011,,,,,,,,52,
Germany,2012,,,,,,,,50,
Germany,2013,,,,,,,,27,
Germany,2014,,,,,,,,33,
Germany,2015,,,,,,,,0,
Ghana,1970,,,2549500,,,,,,
Ghana,1971,,,2561700,,,,,,
Ghana,1972,,,2658717,,,,,,
Ghana,1973,,,2306788,,,,,,
Ghana,1974,,,2571745,,,,,,
Ghana,1975,,,2328278,,,,,,
Ghana,1976,,,2283000,,,,,,
Ghana,1977,,,1947000,,,,,,
Ghana,1978,,,1423000,,,,,,
Ghana,1979,,,1225600,,,,,,
Ghana,1980,,,1149200,,,,,,
Ghana,1981,,,836200,,,,,,
Ghana,1982,,,684200,,,,,,
Ghana,1983,,,339300,,,,,,
Ghana,1984,,,345800,,,,,,
Ghana,1985,,,636000,,,,,,
Ghana,1986,,,559200,,,,,,
Ghana,1987,,,442000,,,,,,
Ghana,1988,,,259431,,,,,,
Ghana,1989,,,285636,,,,,,
Ghana,1990,,,636503,,,,,,
Ghana,1991,,,687736,,,,,,
Ghana,1992,,,694029,,,,,,
Ghana,1993,,,616000,,,,,,
Ghana,1994,,,722800,,,,,,
Ghana,1995,,,622700,,,,,,
Ghana,1996,,,714300,,,,,,
Ghana,1997,,,829524,,,,,,
Ghana,1998,,,823125,,,,,,
Ghana,1999,,,680964,,,,,,
Ghana,2000,,,887049,,,,,,
Ghana,2001,,,1132102,,,,,,
Ghana,2002,,,963493,,,,,,
Ghana,2003,,,904089,,,,,,
Ghana,2004,,,905344,,,,,,
Ghana,2005,,,1065923,,,,,,
Ghana,2006,,,959405,,,,,,
Ghana,2007,,,839235,,,,,,
Ghana,2008,,,598042,,,,,,
Ghana,2009,,,354443,,,,,,
Ghana,2010,,,308679,,,,,,
Ghana,2011,,,283369,,,,,,
Ghana,2012,,,215118,,,,,,
Ghana,2013,,,159074,,,,,,
Ghana,2014,,,241235,,,,,,
Ghana,2015,,,174364,,,,,,
Guinea,1970,,,74000,,,,,,
Guinea,1971,,,74000,,,,,,
Guinea,1972,,,80000,,,,,,
Guinea,1973,,,80000,,,,,,
Guinea,1974,,,80000,,,,,,
Guinea,1975,,,80000,,,,,,
Guinea,1976,,,80000,,,,,,
Guinea,1977,,,80000,,,,,,
Guinea,1978,,,80000,,,,,,
Guinea,1979,,,85000,,,,,,
Guinea,1980,,,38000,,,,,,
Guinea,1981,,,38000,,,,,,
Guinea,1982,,,40000,,,,,,
Guinea,1983,,,40470,,,,,,
Guinea,1984,,,48300,,,,,,
Guinea,1985,,,87800,,,,,,
Guinea,1986,,,187960,,,,,,
Guinea,1987,,,195000,,,,,,
Guinea,1988,,,146440,,,,,,
Guinea,1989,,,148000,,,,,,
Guinea,1990,,,127286,,,,,,
Guinea,1991,,,97000,,,,,,
Guinea,1992,,,152653,,,,,,
Guinea,1993,,,167011,,,,,,
Guinea,1994,,,381464,,,,,,
Guinea,1995,,,364841,,,,,,
Guinea,1996,,,200664,,,,,,
Guinea,1997,,,417146,,,,,,
Guinea,1998,,,392488,,,,,,
Guinea,1999,,,382743,,,,,,
Guinea,2000,,,368599,,,,,,
Guinea,2001,,,323232,,,,,,
Guinea,2002,,,491160,,,,,,
Guinea,2003,,,666000,,,,,,
Guinea,2004,,,739784,,,,,,
Guinea,2005,,,548522,,,,,,
Guinea,2006,,,473862,,,,,,
Guinea,2007,,,1018723,,,,,,
Guinea,2008,,,3098490,,,,,,
Guinea,2009,,,696732,,,,,,
Guinea,2010,,,374096,,,,,,
Guinea,2011,,,235400,,,,,,
Guinea,2012,,,266800,,,,,,
Guinea,2013,,,202365,,,,,,
Guinea,2014,,,164059,,,,,,
Guinea,2015,,,162110,,,,,,
Guyana,1970,,,61081,,,,,,
Guyana,1971,,,47919,,,,,,
Guyana,1972,,,48666,,,,,,
Guyana,1973,,,52502,,,,,,
Guyana,1974,,,29976,,,,,,
Guyana,1975,,,20762,,,,,,
Guyana,1976,,,13897,,,,,,
Guyana,1977,,,16679,,,,,,
Guyana,1978,,,17226,,,,,,
Guyana,1979,,,15824,,,,,,
Guyana,1980,,,10236,,,,,,
Guyana,1981,,,9533,,,,,,
Guyana,1982,,,11492,,,,,,
Guyana,1983,,,12362,,,,,,
Guyana,1984,,,7496,,,,,,
Guyana,1985,,,11868,,,,,,
Guyana,1986,,,9379,,,,,,
Guyana,1987,,,7469,,,,,,
Guyana,1988,,,4357,,,,,,
Guyana,1989,,,8054,,,,,,
Guyana,1990,,,15279,,,,,,
Guyana,1991,,,29290,,,,,,
Guyana,1992,,,45967,,,,,,
Guyana,1993,,,51539,,,,,,
Guyana,1994,,,37957,,,,,,
Guyana,1995,,,51065,,,,,,
Guyana,1996,,,46729,,,,,,
Guyana,1997,,,36573,,,,,,
Guyana,1998,,,34399,,,,,,
Guyana,1999,,,45441,,,,,,
Guyana,2000,,,81706,,,,,,
Guyana,2001,,,179463,,,,,,
Guyana,2002,,,248437,,,,,,
Guyana,2003,,,412538,,,,,,
Guyana,2004,,,454940,,,,,,
Guyana,2005,,,356948,,,,,,
Guyana,2006,,,340544,,,,,,
Guyana,2007,,,268925,,,,,,
Guyana,2008,,,168926,,,,,,
Guyana,2009,,,143982,,,,,,
Guyana,2010,,,49920,,,,,,
Guyana,2011,,,52273,,,,,,
Guyana,2012,,,40763,,,,,,
Guyana,2013,,,63961,,,,,,
Guyana,2014,,,99950,,,,,,
Guyana,2015,,,118451,,,,,,
Hungary,1991,,,,,,,,417,
Hungary,1992,,,,,,,,430,
Hungary,1993,,,,,,,,382,
Hungary,1994,,,,,,,,415,
Hungary,1995,,,,,,,,221,
Hungary,1996,,,,,,,,227,
Hungary,1997,,,,,,,,222,
India,1970,,,20235,,,,,,
India,1971,,,19383,,,,,,
India,1972,,,20009,,,,,,
India,1973,,,21427,,,,,,
India,1974,,,20975,,,,,,
India,1975,,,19994,,,,,,
India,1976,,,20487,,,,,,
India,1977,,,18297,,,,,,
India,1978,,,15942,,,,,,
India,1979,,,15229,,,,,150,
India,1980,,,14432,,,,,103,
India,1981,,,14834,,,,,103,
India,1982,,,13007,,,,,99,
India,1983,,,14286,,,,,103,
India,1984,,,15887,,,,,100,
India,1985,,,16271,,,,,115,
India,1986,,,16116,,,,,125,
India,1987,,,18915,,,,,127,
India,1988,,,14191,,,,,120,
India,1989,,,15451,,,,,210,
India,1990,,,18121,,,,,210,
India,1991,,,17660,,,,,200,
India,1992,,,18017,,,,,230,
India,1993,,,19222,,,,,290,
India,1994,,,25518,,,,,200,
India,1995,,,29931,,,,,200,
India,1996,,,31836,,,,,200,
India,1997,,,30994,,,,,200,
India,1998,,,34580,,,,,200,
India,1999,,,40956,,,,,200,
India,2000,,,57407,,,,,200,
India,2001,,,81436,,,,,230,
India,2002,,,84407,,,,,230,
India,2003,,,71259,,,,,230,
India,2004,,,78315,,,,,230,
India,2005,,,44170,,,,,230,
India,2006,,,2180,,,,,230,
India,2007,,,586,,,,,270,
India,2008,,,536,,,,,271,
India,2009,,,16891,,,,,290,
India,2010,,,11222,,,,,400,
India,2011,,,18490,,,,,400,
India,2012,,,31988,,,,,385,
India,2013,,,37515,,,,,385,
India,2014,,,36107,,,,,385,
India,2015,,,36070,,,,,385,
Indonesia,1970,,,15000,,,,,,
Indonesia,1971,,,15000,,,,,,
Indonesia,1972,,,15000,,,,,,
Indonesia,1973,,,15000,,,,,,
Indonesia,1974,,,15000,,,,,,
Indonesia,1975,,,15000,,,,,,
Indonesia,1976,,,15000,,,,,,
Indonesia,1977,,,15000,,,,,,
Indonesia,1978,,,15000,,,,,,
Indonesia,1979,,,15000,,,,,,
Indonesia,1980,,,15000,,,,,,
Indonesia,1981,,,15000,,,,,,
Indonesia,1982,,,15000,,,,,,
Indonesia,1983,,,27000,,,,,,
Indonesia,1984,,,27000,,,,,,
Indonesia,1985,,,27000,,,,,,
Indonesia,1986,,,28000,,,,,,
Indonesia,1987,,,29000,,,,,,
Indonesia,1988,,,29000,,,,,,
Indonesia,1989,,,32000,,,,,,
Indonesia,1990,,,30000,,,,,,
Indonesia,1991,,,32000,,,,,,
Indonesia,1992,,,27000,,,,,,
Indonesia,1993,,,27000,,,,,,
Indonesia,1994,,,28000,,,,,,
Indonesia,1995,,,29000,,,,,,
Indonesia,1996,,,29000,,,,,,
Indonesia,1997,,,30000,,,,,,
Indonesia,1998,,,28000,,,,,,
Indonesia,1999,,,30000,,,,,,
Indonesia,2000,,,30000,,,,,,
Indonesia,2001,,,30000,,,,,,
Indonesia,2002,,,30000,,,,,,
Indonesia,2003,,,30000,,,,,,
Indonesia,2004,,,30000,,,,,,
Indonesia,2005,,,21606,,,,,,
Indonesia,2006,,,46856,,,,,,
Indonesia,2007,,,22980,,,,,,
Indonesia,2008,,,27688,,,,,,
Kazakhstan,1992,,,,,,,,2802,
Kazakhstan,1993,,,,,,,,2700,
Kazakhstan,1994,,,,,,,,2240,
Kazakhstan,1995,,,,,,,,1630,
Kazakhstan,1996,,,,,,,,1210,
Kazakhstan,1997,,,,,,,,1000,
Kazakhstan,1998,,,,,,,,1074,
Kazakhstan,1999,,,,,,,,1367,
Kazakhstan,2000,,,,,,,,1752,
Kazakhstan,2001,,,,,,,,2050,
Kazakhstan,2002,,,,,,,,2800,
Kazakhstan,2003,,,,,,,,3300,
Kazakhstan,2004,,,,,,,,3719,
Kazakhstan,2005,,,,,,,,4357,
Kazakhstan,2006,,,,,,,,5279,
Kazakhstan,2007,,,,,,,,6637,
Kazakhstan,2008,,,,,,,,8521,
Kazakhstan,2009,,,,,,,,13900,
Kazakhstan,2010,,,,,,,,17803,
Kazakhstan,2011,,,,,,,,19451,
Kazakhstan,2012,,,,,,,,21317,
Kazakhstan,2013,,,,,,,,22567,
Kazakhstan,2014,,,,,,,,23127,
Kazakhstan,2015,,,,,,,,23800,
Lesotho,1977,,,22688,,,,,,
Lesotho,1978,,,48977,,,,,,
Lesotho,1979,,,52421,,,,,,
Lesotho,1980,,,53714,,,,,,
Lesotho,1981,,,52921,,,,,,
Lesotho,1982,,,42119,,,,,,
Lesotho,1999,,,1500,,,,,,
Lesotho,2000,,,1500,,,,,,
Lesotho,2001,,,1140,,,,,,
Lesotho,2002,,,721,,,,,,
Lesotho,2003,,,1899,,,,,,
Lesotho,2004,,,26607,,,,,,
Lesotho,2005,,,52036,,,,,,
Lesotho,2006,,,231325,,,,,,
Lesotho,2007,,,229077,,,,,,
Lesotho,2008,,,253054,,,,,,
Lesotho,2009,,,91816,,,,,,
Lesotho,2010,,,108827,,,,,,
Lesotho,2011,,,224180,,,,,,
Lesotho,2012,,,478926,,,,,,
Lesotho,2013,,,414013,,,,,,
Lesotho,2014,,,346017,,,,,,
Lesotho,2015,,,304232,,,,,,
Liberia,1976,,,320298,,,,,,
Liberia,1977,,,326214,,,,,,
Liberia,1978,,,307377,,,,,,
Liberia,1979,,,301808,,,,,,
Liberia,1980,,,298446,,,,,,
Liberia,1981,,,336023,,,,,,
Liberia,1982,,,432909,,,,,,
Liberia,1983,,,329924,,,,,,
Liberia,1984,,,238877,,,,,,
Liberia,1985,,,137572,,,,,,
Liberia,1986,,,242152,,,,,,
Liberia,1987,,,294996,,,,,,
Liberia,1988,,,167030,,,,,,
Liberia,1989,,,154554,,,,,,
Liberia,1990,,,100000,,,,,,
Liberia,1991,,,100000,,,,,,
Liberia,1992,,,150000,,,,,,
Liberia,1993,,,150000,,,,,,
Liberia,1994,,,100000,,,,,,
Liberia,1995,,,150000,,,,,,
Liberia,1996,,,150000,,,,,,
Liberia,1997,,,200000,,,,,,
Liberia,1998,,,300000,,,,,,
Liberia,1999,,,200000,,,,,,
Liberia,2000,,,170000,,,,,,
Liberia,2001,,,155000,,,,,,
Liberia,2002,,,80000,,,,,,
Liberia,2003,,,60000,,,,,,
Liberia,2004,,,11000,,,,,,
Liberia,2005,,,11000,,,,,,
Liberia,2006,,,11000,,,,,,
Liberia,2007,,,21699,,,,,,
Liberia,2008,,,46963,,,,,,
Liberia,2009,,,36828,,,,,,
Liberia,2010,,,22018,,,,,,
Liberia,2011,,,39866,,,,,,
Liberia,2012,,,34271,,,,,,
Liberia,2013,,,47819,,,,,,
Liberia,2014,,,74882,,,,,,
Liberia,2015,,,65996,,,,,,
Malawi,2006,,,,,,,,0,
Malawi,2007,,,,,,,,0,
Malawi,2008,,,,,,,,0,
Malawi,2009,,,,,,,,90,
Malawi,2010,,,,,,,,671,
Malawi,2011,,,,,,,,785,
Malawi,2012,,,,,,,,1102,
Malawi,2013,,,,,,,,1133,
Malawi,2014,,,,,,,,369,
Malawi,2015,,,,,,,,0,
Namibia,1970,,,1509263,,,,,,
Namibia,1971,,,1561572,,,,,,
Namibia,1972,,,1596144,,,,,,
Namibia,1973,,,1599565,,,,,,
Namibia,1974,,,1569961,,,,,,
Namibia,1975,,,1747739,,,,,0,
Namibia,1976,,,1693994,,,,,593,
Namibia,1977,,,2001217,,,,,2340,
Namibia,1978,,,1898211,,,,,2693,
Namibia,1979,,,1652536,,,,,3831,
Namibia,1980,,,1559885,,,,,4036,
Namibia,1981,,,1247960,,,,,3970,
Namibia,1982,,,1014464,,,,,3777,
Namibia,1983,,,969400,,,,,3713,
Namibia,1984,,,931300,,,,,3800,
Namibia,1985,,,909500,,,,,3400,
Namibia,1986,,,1009600,,,,,3500,
Namibia,1987,,,1030092,,,,,3540,
Namibia,1988,,,974565,,,,,3510,
Namibia,1989,,,926765,,,,,3186,
Namibia,1990,,,762837,,,,,3325,
Namibia,1991,,,1186874,,,,,2450,
Namibia,1992,,,1549260,,,,,1528,
Namibia,1993,,,1141352,,,,,1512,
Namibia,1994,,,1312348,,,,,1724,
Namibia,1995,,,1381757,,,,,1819,
Namibia,1996,,,1402129,,,,,2222,
Namibia,1997,,,1419530,,,,,2633,
Namibia,1998,,,1465959,,,,,2520,
Namibia,1999,,,1632860,,,,,2437,
Namibia,2000,,,1541647,,,,,2461,
Namibia,2001,,,1487316,,,,,2029,
Namibia,2002,,,1537505,,,,,3058,
Namibia,2003,,,1454756,,,,,2416,
Namibia,2004,,,2003868,,,,,3159,
Namibia,2005,,,1902484,,,,,3151,
Namibia,2006,,,2356285,,,,,3071,
Namibia,2007,,,2266100,,,,,2888,
Namibia,2008,,,2435195,,,,,4371,
Namibia,2009,,,939916,,,,,4631,
Namibia,2010,,,1521625,,,,,4500,
Namibia,2011,,,1344932,,,,,3262,
Namibia,2012,,,1667000,,,,,4500,
Namibia,2013,,,1776290,,,,,4328,
Namibia,2014,,,1897872,,,,,3311,
Namibia,2015,,,1988126,,,,,2950,
Niger,1970,,,,,,,,46,
Niger,1971,,,,,,,,431,
Niger,1972,,,,,,,,737,
Niger,1973,,,,,,,,949,
Niger,1974,,,,,,,,1120,
Niger,1975,,,,,,,,1305,
Niger,1976,,,,,,,,1460,
Niger,1977,,,,,,,,1441,
Niger,1978,,,,,,,,2062,
Niger,1979,,,,,,,,3615,
Niger,1980,,,,,,,,4132,
Niger,1981,,,,,,,,4367,
Niger,1982,,,,,,,,4257,
Niger,1983,,,,,,,,3429,
Niger,1984,,,,,,,,3273,
Niger,1985,,,,,,,,3181,
Niger,1986,,,,,,,,3113,
Niger,1987,,,,,,,,2968,
Niger,1988,,,,,,,,2962,
Niger,1989,,,,,,,,2980,
Niger,1990,,,,,,,,2832,
Niger,1991,,,,,,,,2964,
Niger,1992,,,,,,,,2965,
Niger,1993,,,,,,,,2913,
Niger,1994,,,,,,,,2964,
Niger,1995,,,,,,,,2974,
Niger,1996,,,,,,,,3326,
Niger,1997,,,,,,,,3492,
Niger,1998,,,,,,,,3713,
Niger,1999,,,,,,,,2916,
Niger,2000,,,,,,,,2898,
Niger,2001,,,,,,,,2919,
Niger,2002,,,,,,,,3076,
Niger,2003,,,,,,,,3143,
Niger,2004,,,,,,,,3273,
Niger,2005,,,,,,,,3093,
Niger,2006,,,,,,,,3431,
Niger,2007,,,,,,,,3153,
Niger,2008,,,,,,,,2993,
Niger,2009,,,,,,,,3241,
Niger,2010,,,,,,,,4198,
Niger,2011,,,,,,,,4159,
Niger,2012,,,,,,,,4821,
Niger,2013,,,,,,,,4277,
Niger,2014,,,,,,,,4156,
Niger,2015,,,,,,,,4116,
Pakistan,1993,,,,,,,,23,
Pakistan,1994,,,,,,,,23,
Pakistan,1995,,,,,,,,23,
Pakistan,1996,,,,,,,,23,
Pakistan,1997,,,,,,,,23,
Pakistan,1998,,,,,,,,23,
Pakistan,1999,,,,,,,,23,
Pakistan,2000,,,,,,,,23,
Pakistan,2001,,,,,,,,46,
Pakistan,2002,,,,,,,,38,
Pakistan,2003,,,,,,,,45,
Pakistan,2004,,,,,,,,45,
Pakistan,2005,,,,,,,,45,
Pakistan,2006,,,,,,,,45,
Pakistan,2007,,,,,,,,45,
Pakistan,2008,,,,,,,,45,
Pakistan,2009,,,,,,,,50,
Pakistan,2010,,,,,,,,45,
Pakistan,2011,,,,,,,,45,
Pakistan,2012,,,,,,,,45,
Pakistan,2013,,,,,,,,45,
Pakistan,2014,,,,,,,,45,
Pakistan,2015,,,,,,,,45,
Portugal,1970,,,,,,,,80,
Portugal,1971,,,,,,,,80,
Portugal,1972,,,,,,,,81,
Portugal,1973,,,,,,,,73,
Portugal,1974,,,,,,,,92,
Portugal,1975,,,,,,,,115,
Portugal,1976,,,,,,,,86,
Portugal,1977,,,,,,,,94,
Portugal,1978,,,,,,,,86,
Portugal,1979,,,,,,,,102,
Portugal,1980,,,,,,,,72,
Portugal,1981,,,,,,,,90,
Portugal,1982,,,,,,,,100,
Portugal,1983,,,,,,,,93,
Portugal,1984,,,,,,,,103,
Portugal,1985,,,,,,,,105,
Portugal,1986,,,,,,,,99,
Portugal,1987,,,,,,,,126,
Portugal,1988,,,,,,,,142,
Portugal,1989,,,,,,,,129,
Portugal,1990,,,,,,,,111,
Portugal,1991,,,,,,,,27,
Portugal,1992,,,,,,,,29,
Portugal,1993,,,,,,,,32,
Portugal,1994,,,,,,,,24,
Portugal,1995,,,,,,,,19,
Portugal,1996,,,,,,,,14,
Portugal,1997,,,,,,,,17,
Portugal,1998,,,,,,,,19,
Portugal,1999,,,,,,,,10,
Portugal,2000,,,,,,,,13,
Portugal,2001,,,,,,,,4,
Portugal,2002,,,,,,,,2,
Romania,1993,,,,,,,,120,
Romania,1994,,,,,,,,120,
Romania,1995,,,,,,,,100,
Romania,1996,,,,,,,,100,
Romania,1997,,,,,,,,100,
Romania,1998,,,,,,,,100,
Romania,1999,,,,,,,,100,
Romania,2000,,,,,,,,50,
Romania,2001,,,,,,,,85,
Romania,2002,,,,,,,,90,
Romania,2003,,,,,,,,90,
Romania,2004,,,,,,,,90,
Romania,2005,,,,,,,,90,
Romania,2006,,,,,,,,90,
Romania,2007,,,,,,,,77,
Romania,2008,,,,,,,,77,
Romania,2009,,,,,,,,75,
Romania,2010,,,,,,,,77,
Romania,2011,,,,,,,,77,
Romania,2012,,,,,,,,90,
Romania,2013,,,,,,,,80,
Romania,2014,,,,,,,,77,
Romania,2015,,,,,,,,77,
Russia,1970,,,7850000,,,,,,
Russia,1971,,,8800000,,,,,,
Russia,1972,,,9200000,,,,,,
Russia,1973,,,9500000,,,,,,
Russia,1974,,,9500000,,,,,,
Russia,1975,,,9700000,,,,,,
Russia,1976,,,9900000,,,,,,
Russia,1977,,,10300000,,,,,,
Russia,1978,,,10550000,,,,,,
Russia,1979,,,10700000,,,,,,
Russia,1980,,,10850000,,,,,,
Russia,1981,,,10600000,,,,,,
Russia,1982,,,10600000,,,,,,
Russia,1983,,,10700000,,,,,0,
Russia,1984,,,10700000,,,,,0,
Russia,1985,,,10800000,,,,,0,
Russia,1986,,,14800000,,,,,0,
Russia,1987,,,14800000,,,,,0,
Russia,1988,,,15000000,,,,,0,
Russia,1989,,,15000000,,,,,0,
Russia,1990,,,24000000,,,,,10500,
Russia,1991,,,20000000,,,,,10500,
Russia,1992,,,18000000,,,,,2640,
Russia,1993,,,16000000,,,,,2399,
Russia,1994,,,16300000,,,,,2968,
Russia,1995,,,16900000,,,,,2250,
Russia,1996,,,19200000,,,,,2000,
Russia,1997,,,19400000,,,,,2000,
Russia,1998,,,19800000,,,,,2000,
Russia,1999,,,16200000,,,,,2000,
Russia,2000,,,20500000,,,,,2000,
Russia,2001,,,20500000,,,,,2500,
Russia,2002,,,20000000,,,,,2900,
Russia,2003,,,33020000,,,,,3150,
Russia,2004,,,38865770,,,,,3280,
Russia,2005,,,38000990,,,,,3431,
Russia,2006,,,38360810,,,,,3262,
Russia,2007,,,38291200,,,,,3413,
Russia,2008,,,36925150,,,,,3521,
Russia,2009,,,34759400,,,,,3565,
Russia,2010,,,34856600,,,,,3563,
Russia,2011,,,35139800,,,,,2993,
Russia,2012,,,34927650,,,,,2862,
Russia,2013,,,37884140,,,,,3135,
Russia,2014,,,38303500,,,,,2990,
Russia,2015,,,41912390,,,,,3055,
Serbia and Montenegro,1981,,,,,,,,0,
Serbia and Montenegro,1982,,,,,,,,0,
Serbia and Montenegro,1983,,,,,,,,0,
Serbia and Montenegro,1984,,,,,,,,40,
Serbia and Montenegro,1985,,,,,,,,29,
Serbia and Montenegro,1986,,,,,,,,68,
Serbia and Montenegro,1987,,,,,,,,70,
Serbia and Montenegro,1988,,,,,,,,79,
Serbia and Montenegro,1989,,,,,,,,85,
Serbia and Montenegro,1990,,,,,,,,53,
Serbia and Montenegro,1991,,,,,,,,5,
Sierra Leone,1970,,,2048264,,,,,,
Sierra Leone,1971,,,1944174,,,,,,
Sierra Leone,1972,,,1800301,,,,,,
Sierra Leone,1973,,,1354775,,,,,,
Sierra Leone,1974,,,1716230,,,,,,
Sierra Leone,1975,,,1377191,,,,,,
Sierra Leone,1976,,,999441,,,,,,
Sierra Leone,1977,,,746290,,,,,,
Sierra Leone,1978,,,797043,,,,,,
Sierra Leone,1979,,,855164,,,,,,
Sierra Leone,1980,,,592018,,,,,,
Sierra Leone,1981,,,305356,,,,,,
Sierra Leone,1982,,,290000,,,,,,
Sierra Leone,1983,,,368598,,,,,,
Sierra Leone,1984,,,345000,,,,,,
Sierra Leone,1985,,,349000,,,,,,
Sierra Leone,1986,,,330000,,,,,,
Sierra Leone,1987,,,310000,,,,,,
Sierra Leone,1988,,,17492,,,,,,
Sierra Leone,1989,,,128967,,,,,,
Sierra Leone,1990,,,78000,,,,,,
Sierra Leone,1991,,,251534,,,,,,
Sierra Leone,1992,,,344082,,,,,,
Sierra Leone,1993,,,200300,,,,,,
Sierra Leone,1994,,,255000,,,,,,
Sierra Leone,1995,,,213600,,,,,,
Sierra Leone,1996,,,270092,,,,,,
Sierra Leone,1997,,,400000,,,,,,
Sierra Leone,1998,,,250000,,,,,,
Sierra Leone,1999,,,600000,,,,,,
Sierra Leone,2000,,,350000,,,,,,
Sierra Leone,2001,,,224188,,,,,,
Sierra Leone,2002,,,351859,,,,,,
Sierra Leone,2003,,,506819,,,,,,
Sierra Leone,2004,,,693104,,,,,,
Sierra Leone,2005,,,668807,,,,,,
Sierra Leone,2006,,,582324,,,,,,
Sierra Leone,2007,,,603698,,,,,,
Sierra Leone,2008,,,371290,,,,,,
Sierra Leone,2009,,,400480,,,,,,
Sierra Leone,2010,,,437552,,,,,,
Sierra Leone,2011,,,355890,,,,,,
Sierra Leone,2012,,,532560,,,,,,
Sierra Leone,2013,,,604740,,,,,,
Sierra Leone,2014,,,594422,,,,,,
Sierra Leone,2015,,,500050,,,,,,
South Africa,1970,,,8111533,,,,,3168,
South Africa,1971,,,7031249,,,,,3200,
South Africa,1972,,,7394974,,,,,3077,
South Africa,1973,,,7565374,,,,,2623,
South Africa,1974,,,7510075,,,,,2712,
South Africa,1975,,,7295133,,,,,2488,
South Africa,1976,,,7022770,,,,,2788,
South Africa,1977,,,7643291,,,,,3368,
South Africa,1978,,,7726605,,,,,3975,
South Africa,1979,,,8384332,,,,,4780,
South Africa,1980,,,8520328,,,,,6186,
South Africa,1981,,,9525876,,,,,6135,
South Africa,1982,,,9152886,,,,,5792,
South Africa,1983,,,10311778,,,,,6039,
South Africa,1984,,,10120712,,,,,5732,
South Africa,1985,,,10205936,,,,,4877,
South Africa,1986,,,10226963,,,,,4630,
South Africa,1987,,,9050992,,,,,3965,
South Africa,1988,,,8504016,,,,,3886,
South Africa,1989,,,9115880,,,,,2931,
South Africa,1990,,,8708231,,,,,2438,
South Africa,1991,,,8431389,,,,,1725,
South Africa,1992,,,10177283,,,,,1671,
South Africa,1993,,,10177283,,,,,1703,
South Africa,1994,,,10853653,,,,,1616,
South Africa,1995,,,9682744,,,,,1443,
South Africa,1996,,,9946750,,,,,1447,
South Africa,1997,,,10041380,,,,,1122,
South Africa,1998,,,10704628,,,,,965,
South Africa,1999,,,10014815,,,,,919,
South Africa,2000,,,10789976,,,,,861,
South Africa,2001,,,11162630,,,,,903,
South Africa,2002,,,10882614,,,,,846,
South Africa,2003,,,12673379,,,,,758,
South Africa,2004,,,14294662,,,,,752,
South Africa,2005,,,15775720,,,,,674,
South Africa,2006,,,15152801,,,,,542,
South Africa,2007,,,15247122,,,,,525,
South Africa,2008,,,12901018,,,,,555,
South Africa,2009,,,6118974,,,,,533,
South Africa,2010,,,8870967,,,,,579,
South Africa,2011,,,7046644,,,,,556,
South Africa,2012,,,7245403,,,,,467,
South Africa,2013,,,8168113,,,,,531,
South Africa,2014,,,8060373,,,,,566,
South Africa,2015,,,8232627,,,,,448,
Spain,1970,,,,,,,,71,
Spain,1971,,,,,,,,125,
Spain,1972,,,,,,,,116,
Spain,1973,,,,,,,,79,
Spain,1974,,,,,,,,62,
Spain,1975,,,,,,,,147,
Spain,1976,,,,,,,,192,
Spain,1977,,,,,,,,163,
Spain,1978,,,,,,,,153,
Spain,1979,,,,,,,,162,
Spain,1980,,,,,,,,167,
Spain,1981,,,,,,,,151,
Spain,1982,,,,,,,,155,
Spain,1983,,,,,,,,175,
Spain,1984,,,,,,,,191,
Spain,1985,,,,,,,,201,
Spain,1986,,,,,,,,214,
Spain,1987,,,,,,,,223,
Spain,1988,,,,,,,,228,
Spain,1989,,,,,,,,228,
Spain,1990,,,,,,,,164,
Spain,1991,,,,,,,,195,
Spain,1992,,,,,,,,187,
Spain,1993,,,,,,,,183,
Spain,1994,,,,,,,,255,
Spain,1995,,,,,,,,254,
Spain,1996,,,,,,,,254,
Spain,1997,,,,,,,,254,
Spain,1998,,,,,,,,255,
Spain,1999,,,,,,,,255,
Spain,2000,,,,,,,,251,
Spain,2001,,,,,,,,0,
Spain,2002,,,,,,,,0,
Swaziland,1980,,,0,,,,,,
Swaziland,1981,,,0,,,,,,
Swaziland,1982,,,0,,,,,,
Swaziland,1983,,,0,,,,,,
Swaziland,1984,,,16837,,,,,,
Swaziland,1985,,,21128,,,,,,
Swaziland,1986,,,39144,,,,,,
Swaziland,1987,,,40000,,,,,,
Swaziland,1988,,,72676,,,,,,
Swaziland,1989,,,55264,,,,,,
Swaziland,1990,,,42488,,,,,,
Swaziland,1991,,,57420,,,,,,
Swaziland,1992,,,50547,,,,,,
Swaziland,1993,,,61686,,,,,,
Swaziland,1994,,,76100,,,,,,
Swaziland,1995,,,75000,,,,,,
Swaziland,1996,,,75000,,,,,,
Tanzania,1970,,,708145,,,,,,
Tanzania,1971,,,837190,,,,,,
Tanzania,1972,,,652045,,,,,,
Tanzania,1973,,,501459,,,,,,
Tanzania,1974,,,489569,,,,,,
Tanzania,1975,,,447800,,,,,,
Tanzania,1976,,,431601,,,,,,
Tanzania,1977,,,507294,,,,,,
Tanzania,1978,,,295117,,,,,,
Tanzania,1979,,,341912,,,,,,
Tanzania,1980,,,269876,,,,,,
Tanzania,1981,,,236500,,,,,,
Tanzania,1982,,,297000,,,,,,
Tanzania,1983,,,215000,,,,,,
Tanzania,1984,,,277000,,,,,,
Tanzania,1985,,,255736,,,,,,
Tanzania,1986,,,173972,,,,,,
Tanzania,1987,,,122824,,,,,,
Tanzania,1988,,,85892,,,,,,
Tanzania,1989,,,75885,,,,,,
Tanzania,1990,,,74480,,,,,,
Tanzania,1991,,,99762,,,,,,
Tanzania,1992,,,67304,,,,,,
Tanzania,1993,,,40847,,,,,,
Tanzania,1994,,,25500,,,,,,
Tanzania,1995,,,49538,,,,,,
Tanzania,1996,,,126700,,,,,,
Tanzania,1997,,,123090,,,,,,
Tanzania,1998,,,97830,,,,,,
Tanzania,1999,,,234800,,,,,,
Tanzania,2000,,,354388,,,,,,
Tanzania,2001,,,254271,,,,,,
Tanzania,2002,,,239761,,,,,,
Tanzania,2003,,,236382,,,,,,
Tanzania,2004,,,303920,,,,,,
Tanzania,2005,,,219640,,,,,,
Tanzania,2006,,,272204,,,,,,
Tanzania,2007,,,282786,,,,,,
Tanzania,2008,,,237676,,,,,,
Tanzania,2009,,,181874,,,,,,
Tanzania,2010,,,80498,,,,,,
Tanzania,2011,,,40691,,,,,,
Tanzania,2012,,,127174,,,,,,
Tanzania,2013,,,179633,,,,,,
Tanzania,2014,,,252875,,,,,,
Tanzania,2015,,,216482,,,,,,
Togo,2003,,,87200,,,,,,
Togo,2004,,,123106,,,,,,
Togo,2005,,,11773,,,,,,
Togo,2006,,,25368,,,,,,
Togo,2007,,,13452,,,,,,
Togo,2008,,,8787,,,,,,
Togo,2009,,,125,,,,,,
Togo,2010,,,96,,,,,,
Togo,2011,,,71,,,,,,
Togo,2012,,,456,,,,,,
Togo,2013,,,24,,,,,,
Togo,2014,,,23,,,,,,
Togo,2015,,,46,,,,,,
Ukraine,1992,,,,,,,,500,
Ukraine,1993,,,,,,,,500,
Ukraine,1994,,,,,,,,500,
Ukraine,1995,,,,,,,,500,
Ukraine,1996,,,,,,,,500,
Ukraine,1997,,,,,,,,500,
Ukraine,1998,,,,,,,,500,
Ukraine,1999,,,,,,,,500,
Ukraine,2000,,,,,,,,500,
Ukraine,2001,,,,,,,,750,
Ukraine,2002,,,,,,,,800,
Ukraine,2003,,,,,,,,800,
Ukraine,2004,,,,,,,,800,
Ukraine,2005,,,,,,,,800,
Ukraine,2006,,,,,,,,800,
Ukraine,2007,,,,,,,,846,
Ukraine,2008,,,,,,,,800,
Ukraine,2009,,,,,,,,840,
Ukraine,2010,,,,,,,,850,
Ukraine,2011,,,,,,,,890,
Ukraine,2012,,,,,,,,960,
Ukraine,2013,,,,,,,,922,
Ukraine,2014,,,,,,,,926,
Ukraine,2015,,,,,,,,1200,
United States,1970,,,,,,,,9825,
United States,1971,,,,,,,,9932,
United States,1972,,,,,,,,9924,
United States,1973,,,,,,,,10182,
United States,1974,,,,,,,,8868,
United States,1975,,,,,,,,8900,
United States,1976,,,,,,,,9750,
United States,1977,,,,,,,,11360,
United States,1978,,,,,,,,14250,
United States,1979,,,,,,,,14400,
United States,1980,,,,,,,,16800,
United States,1981,,,,,,,,14800,
United States,1982,,,,,,,,10300,
United States,1983,,,,,,,,8200,
United States,1984,,,,,,,,5700,
United States,1985,,,,,,,,4300,
United States,1986,,,,,,,,5200,
United States,1987,,,,,,,,5000,
United States,1988,,,,,,,,5051,
United States,1989,,,,,,,,5308,
United States,1990,,,,,,,,3430,
United States,1991,,,,,,,,3059,
United States,1992,,,,,,,,2171,
United States,1993,,,,,,,,1192,
United States,1994,,,,,,,,1289,
United States,1995,,,,,,,,2324,
United States,1996,,,,,,,,2420,
United States,1997,,,,,,,,2171,
United States,1998,,,,,,,,1810,
United States,1999,,,,,,,,1773,
United States,2000,,,,,,,,1522,
United States,2001,,,,,,,,1015,
United States,2002,,,,,,,,901,
United States,2003,,,,,,,,770,
United States,2004,,,,,,,,878,
United States,2005,,,,,,,,1034,
United States,2006,,,,,,,,1581,
United States,2007,,,,,,,,1746,
United States,2008,,,,,,,,1503,
United States,2009,,,,,,,,1428,
United States,2010,,,,,,,,1628,
United States,2011,,,,,,,,1537,
United States,2012,,,,,,,,1596,
United States,2013,,,,,,,,1794,
United States,2014,,,,,,,,1884,
United States,2015,,,,,,,,1287,
Uzbekistan,1992,,,,,,,,2680,
Uzbekistan,1993,,,,,,,,2600,
Uzbekistan,1994,,,,,,,,2015,
Uzbekistan,1995,,,,,,,,1800,
Uzbekistan,1996,,,,,,,,1459,
Uzbekistan,1997,,,,,,,,1764,
Uzbekistan,1998,,,,,,,,2000,
Uzbekistan,1999,,,,,,,,2130,
Uzbekistan,2000,,,,,,,,2350,
Uzbekistan,2001,,,,,,,,1962,
Uzbekistan,2002,,,,,,,,1860,
Uzbekistan,2003,,,,,,,,1770,
Uzbekistan,2004,,,,,,,,2035,
Uzbekistan,2005,,,,,,,,2629,
Uzbekistan,2006,,,,,,,,2270,
Uzbekistan,2007,,,,,,,,2320,
Uzbekistan,2008,,,,,,,,2338,
Uzbekistan,2009,,,,,,,,2429,
Uzbekistan,2010,,,,,,,,2400,
Uzbekistan,2011,,,,,,,,3000,
Uzbekistan,2012,,,,,,,,3000,
Uzbekistan,2013,,,,,,,,2400,
Uzbekistan,2014,,,,,,,,2400,
Uzbekistan,2015,,,,,,,,2385,
Venezuela,1970,,,508700,,,,,,
Venezuela,1971,,,499020,,,,,,
Venezuela,1972,,,456300,,,,,,
Venezuela,1973,,,780829,,,,,,
Venezuela,1974,,,1199973,,,,,,
Venezuela,1975,,,1060000,,,,,,
Venezuela,1976,,,851000,,,,,,
Venezuela,1977,,,687115,,,,,,
Venezuela,1978,,,755869,,,,,,
Venezuela,1979,,,802646,,,,,,
Venezuela,1980,,,665721,,,,,,
Venezuela,1981,,,490426,,,,,,
Venezuela,1982,,,435272,,,,,,
Venezuela,1983,,,278915,,,,,,
Venezuela,1984,,,272922,,,,,,
Venezuela,1985,,,215272,,,,,,
Venezuela,1986,,,211731,,,,,,
Venezuela,1987,,,112812,,,,,,
Venezuela,1988,,,128405,,,,,,
Venezuela,1989,,,213264,,,,,,
Venezuela,1990,,,336976,,,,,,
Venezuela,1991,,,337022,,,,,,
Venezuela,1992,,,486935,,,,,,
Venezuela,1993,,,410750,,,,,,
Venezuela,1994,,,582522,,,,,,
Venezuela,1995,,,296116,,,,,,
Venezuela,1996,,,172016,,,,,,
Venezuela,1997,,,284208,,,,,,
Venezuela,1998,,,96811,,,,,,
Venezuela,1999,,,95144,,,,,,
Venezuela,2000,,,109597,,,,,,
Venezuela,2001,,,52804,,,,,,
Venezuela,2002,,,141463,,,,,,
Venezuela,2003,,,38489,,,,,,
Venezuela,2004,,,40036,,,,,,
Venezuela,2005,,,55154,,,,,,
Venezuela,2006,,,27598,,,,,,
Venezuela,2007,,,14502,,,,,,
Venezuela,2008,,,9381,,,,,,
Venezuela,2009,,,7730,,,,,,
Venezuela,2010,,,2099,,,,,,
Zimbabwe,1988,,,0,,,,,,
Zimbabwe,1989,,,0,,,,,,
Zimbabwe,1990,,,0,,,,,,
Zimbabwe,1991,,,0,,,,,,
Zimbabwe,1992,,,40654,,,,,,
Zimbabwe,1993,,,43850,,,,,,
Zimbabwe,1994,,,173588,,,,,,
Zimbabwe,1995,,,204416,,,,,,
Zimbabwe,1996,,,437266,,,,,,
Zimbabwe,1997,,,421307,,,,,,
Zimbabwe,1998,,,28732,,,,,,
Zimbabwe,1999,,,42578,,,,,,
Zimbabwe,2000,,,23028,,,,,,
Zimbabwe,2001,,,0,,,,,,
Zimbabwe,2002,,,0,,,,,,
Zimbabwe,2003,,,0,,,,,,
Zimbabwe,2004,,,44454,,,,,,
Zimbabwe,2005,,,243928,,,,,,
Zimbabwe,2006,,,1046025,,,,,,
Zimbabwe,2007,,,695016,,,,,,
Zimbabwe,2008,,,797198,,,,,,
Zimbabwe,2009,,,963502,,,,,,
Zimbabwe,2010,,,8435224,,,,,,
Zimbabwe,2011,,,8502648,,,,,,
Zimbabwe,2012,,,12060163,,,,,,
Zimbabwe,2013,,,10411818,,,,,,
Zimbabwe,2014,,,4771637,,,,,,
Zimbabwe,2015,,,3490881,,,,,,
